fname,label_verified
00c9e799.wav,15
00ce569f.wav,0
018863f5.wav,29
01a5dc85.wav,29
02274ee8.wav,28
0236dccb.wav,33
02d7fba3.wav,29
03ed9ba8.wav,15
048fb352.wav,37
05d0dfa7.wav,15
0640c787.wav,37
07764530.wav,15
079bb1c3.wav,15
07a99531.wav,15
0879e568.wav,1
090ea106.wav,32
0939d783.wav,22
096b4d70.wav,9
0af32053.wav,15
0afcf36b.wav,24
0be246ba.wav,29
0c080361.wav,11
0c6ec89a.wav,15
0c9abd6a.wav,10
0ccf0903.wav,3
0cea4550.wav,7
0e2fbeb8.wav,29
0e544eb8.wav,15
0ecb56ad.wav,14
0f1a5928.wav,26
0fb464cf.wav,37
100009e2.wav,11
10086933.wav,29
102ef2c7.wav,15
10734a58.wav,28
11782c39.wav,40
11c7778f.wav,28
12169b86.wav,15
121749b9.wav,21
12323e04.wav,17
125e64b7.wav,5
1314cdad.wav,21
1365348d.wav,14
13f08982.wav,28
14683a1c.wav,37
148a199b.wav,32
14fc31e9.wav,15
1549bbaf.wav,7
156dd4a7.wav,15
161bd007.wav,19
166a1279.wav,14
172d7f14.wav,33
1775d5a0.wav,12
186311f0.wav,32
19a1f537.wav,29
19d4a6ad.wav,25
1b2d8997.wav,7
1c3b4067.wav,37
1d23c74b.wav,29
1e66d094.wav,15
1fd57590.wav,13
202b6258.wav,4
20e4c3a0.wav,14
20f13d88.wav,37
210f2580.wav,5
212463da.wav,15
213afdbf.wav,15
2155e5e5.wav,15
218f3cc6.wav,37
21d75a3d.wav,15
220a73b7.wav,29
229d104f.wav,32
22ab9809.wav,15
22cc1654.wav,36
23226fdd.wav,14
234f95ec.wav,19
23c11bee.wav,37
23fb24e8.wav,33
24791b50.wav,4
26a9e392.wav,37
26b82ff7.wav,40
26d8b402.wav,28
2722c835.wav,15
273f7c4a.wav,32
28f5dfd6.wav,29
2939852d.wav,7
2979f92a.wav,7
2987ab41.wav,26
29f2ff7d.wav,15
2a5dd0de.wav,15
2accbe0b.wav,15
2b6f431f.wav,12
2c81e1ce.wav,37
2ccaafbb.wav,28
2cd3efb6.wav,37
2e10afe3.wav,14
2e2f1a7e.wav,29
2eb83a0b.wav,4
2eeac352.wav,31
2fec9eb7.wav,37
318f5562.wav,21
319a7b44.wav,15
326c9e9a.wav,26
32c2eb1b.wav,37
332cf451.wav,28
33ae49c1.wav,29
34042ed2.wav,15
34a1086e.wav,32
3505e582.wav,7
3564bae2.wav,29
36177faa.wav,21
36967fb1.wav,31
37319862.wav,4
3811852f.wav,19
385e9493.wav,29
386b8fc7.wav,22
38852ae1.wav,37
38d30516.wav,37
38ee5f4c.wav,14
39ec9cc6.wav,37
3a42efbc.wav,15
3a58a282.wav,15
3a90abf3.wav,37
3aadc6c2.wav,22
3b0ed2e4.wav,22
3b1d5657.wav,31
3b842547.wav,7
3c362989.wav,14
3c68cd4b.wav,26
3c82d509.wav,29
3c9aa9e8.wav,37
3cc6911c.wav,21
3e326ff4.wav,14
3ee25773.wav,34
3fac24bb.wav,15
405b6af2.wav,19
410b8cc3.wav,19
412b75e6.wav,24
41c4751e.wav,15
43a84fec.wav,37
43f58abe.wav,26
4430e0ee.wav,33
44922514.wav,14
44e26366.wav,33
4590ba37.wav,37
461558c3.wav,29
4715f79a.wav,15
477622b6.wav,37
47797e57.wav,19
48899901.wav,25
48cfca3e.wav,37
48ffd19b.wav,4
499d9668.wav,15
49ee90a9.wav,29
4a789458.wav,40
4af8ad50.wav,14
4b090c94.wav,29
4b166997.wav,35
4bd7faba.wav,29
4bfe8bf9.wav,15
4c5667a2.wav,37
4c5e41ef.wav,17
4cbc1a15.wav,21
4ce14aa2.wav,29
4cf956a5.wav,11
4d2c6692.wav,7
4d7f8b65.wav,15
4df7f919.wav,40
4fed9012.wav,28
524dea8d.wav,37
5318e9d2.wav,31
534914d0.wav,14
53d5dfdf.wav,37
540dcb37.wav,33
545574e6.wav,33
54b61eec.wav,22
54c2fdba.wav,32
54f89ec3.wav,15
55040d8b.wav,28
55c288a5.wav,15
5631d60b.wav,37
564ebce0.wav,14
5666db3a.wav,26
571f47da.wav,5
58707979.wav,15
59667f26.wav,19
5a53e933.wav,37
5a5f7fa1.wav,28
5a8ac874.wav,15
5aabae55.wav,19
5ab5a831.wav,26
5aff8db8.wav,15
5c029f9f.wav,14
5cca8915.wav,28
5d1e644b.wav,15
5d5ea0ea.wav,7
5dd6e37d.wav,37
5fe4741a.wav,14
600dc6d1.wav,12
602ca70a.wav,15
604f23cd.wav,40
6064aad0.wav,14
6116eaa8.wav,29
6123a18d.wav,5
6159836f.wav,5
619d8d1e.wav,37
62189e25.wav,4
623f0124.wav,4
63222cd2.wav,29
633a56ad.wav,28
63820da4.wav,28
639cd52b.wav,37
63b9e36a.wav,29
6412ee13.wav,21
6480dd54.wav,29
64c61d9b.wav,21
64e6b239.wav,32
6514d3d3.wav,21
65997d16.wav,7
65d7c8a6.wav,15
65f60c42.wav,37
66127f3f.wav,11
6639d6c6.wav,32
6649f294.wav,15
66895845.wav,15
66af2f72.wav,19
66bcf27e.wav,29
66ccbc5f.wav,37
67eceec7.wav,29
68c57a43.wav,28
691634cc.wav,31
69d6d713.wav,21
69dad1d3.wav,28
69fbf109.wav,15
6a3bfead.wav,15
6a64d4a4.wav,15
6a7c4f15.wav,4
6a96ef38.wav,9
6b33850f.wav,8
6bfe2344.wav,15
6c84907a.wav,19
6ce42228.wav,30
6d9b63eb.wav,15
6eb342ea.wav,28
6eb60c13.wav,15
6f05d010.wav,28
6f484851.wav,37
6f95f6ee.wav,29
6fcb552a.wav,37
6fce4d13.wav,15
70b68ba0.wav,14
70c6e930.wav,37
70d942a5.wav,21
70f8f833.wav,37
71f098be.wav,14
725e4647.wav,21
7272509b.wav,33
74259052.wav,15
78697428.wav,37
78cf7be3.wav,29
7941de54.wav,28
7941ec33.wav,40
7abd44d6.wav,21
7ad126fa.wav,21
7af76555.wav,15
7b2d02d4.wav,15
7b4d4b59.wav,37
7ba42f03.wav,32
7c097caf.wav,32
7c8baa21.wav,1
7ca8edbe.wav,37
7d639c49.wav,9
7e6c15c7.wav,25
7ee6b501.wav,6
7fa57f89.wav,37
7fd9457c.wav,7
80a3da4a.wav,19
81337cd8.wav,29
81f0cefe.wav,29
827d48f9.wav,17
82c64894.wav,14
82df2d57.wav,21
82ee1adc.wav,40
82f235fc.wav,36
83375e41.wav,28
83ad3ffd.wav,32
849d97d6.wav,29
84b379fe.wav,14
84d8c795.wav,15
84e9c4e0.wav,11
8536c75e.wav,28
856ef8d7.wav,29
85db997c.wav,15
85dc51de.wav,15
85fd2b40.wav,7
86bb7902.wav,37
86f881f3.wav,29
87192927.wav,37
8755f4f5.wav,12
879796a5.wav,29
88928a07.wav,28
8952eee3.wav,12
89c2111f.wav,29
89e2578a.wav,37
89f8b625.wav,32
8a3e5147.wav,7
8a739529.wav,33
8aaada9f.wav,7
8b3be47e.wav,15
8b563f92.wav,15
8b5fbd09.wav,14
8bc4df93.wav,7
8bff2f37.wav,40
8c048e36.wav,26
8d0d7231.wav,29
8d740ee0.wav,14
8dd47439.wav,2
8ef998b5.wav,28
8f15c883.wav,28
8f4643d4.wav,33
8f5e0b34.wav,37
8fb1b5af.wav,25
914d75e2.wav,29
916c8ad4.wav,3
916d0fc4.wav,15
91c86274.wav,7
920fea97.wav,28
92542588.wav,28
92928711.wav,0
9325ce28.wav,19
941948de.wav,7
94c0bc66.wav,14
953073cc.wav,1
956e0d7b.wav,37
963d9280.wav,28
964c6382.wav,22
9663a64a.wav,37
96caac87.wav,26
9713a607.wav,29
972b92c7.wav,15
98541a04.wav,11
986817e9.wav,15
99680597.wav,19
9ad76285.wav,37
9bede6c7.wav,15
9c5309e1.wav,26
9c93f3f0.wav,32
9ca0bd7a.wav,39
9ca86e5e.wav,37
9d0087cd.wav,29
9d357630.wav,15
9d362e9a.wav,37
9dae96ae.wav,3
9deab5af.wav,12
9f2c9979.wav,39
a02b4a40.wav,15
a031a8a4.wav,32
a0673b37.wav,37
a0b9f73f.wav,21
a1cd36ed.wav,15
a23522e9.wav,13
a37f2e26.wav,32
a3b96c0e.wav,9
a5d8d2fc.wav,21
a6673e24.wav,21
a7d52749.wav,15
a9201ea2.wav,32
a9812fbd.wav,19
a99fb09d.wav,15
aa4fbedf.wav,21
aa521f98.wav,28
ab64c062.wav,7
ac087c83.wav,29
ac743f85.wav,15
ad7a0dd8.wav,7
adfb7e0b.wav,30
ae26f1af.wav,29
ae5cabf7.wav,15
ae9fb62c.wav,15
aea6b912.wav,21
afd24fef.wav,12
b03249fe.wav,13
b094a923.wav,7
b0ae2253.wav,21
b0b7029b.wav,4
b0b844f6.wav,29
b16cfcb6.wav,15
b191ac63.wav,7
b2789d97.wav,31
b342cc2f.wav,21
b3485cc1.wav,15
b36ddd2a.wav,29
b41d03ad.wav,19
b4815be4.wav,14
b4c0f699.wav,14
b59561bd.wav,29
b5eaf10a.wav,32
b5eba1b8.wav,21
b6383321.wav,19
b6b58ee3.wav,1
b71198f4.wav,37
b742c26a.wav,7
b7da5229.wav,21
b7fe0cfc.wav,37
b816a73f.wav,37
b81a2326.wav,26
b8c35029.wav,15
b96806f6.wav,11
b9e871db.wav,26
ba1506ca.wav,9
ba28ee8c.wav,15
ba2d4593.wav,15
bac10b23.wav,2
bac94c1b.wav,37
bb2d0dc5.wav,10
bb3ba367.wav,37
bb4e4f47.wav,21
bb7107fb.wav,32
bbb2eb98.wav,37
bc192c1b.wav,37
bc390f06.wav,15
bda5299c.wav,37
beddbf08.wav,34
bfad4e3c.wav,14
c01ea334.wav,11
c151663f.wav,29
c1810576.wav,28
c1ec5ecb.wav,15
c3846bb1.wav,21
c3852c31.wav,15
c4205b3b.wav,4
c429c0cf.wav,14
c4b824fb.wav,10
c51aa5ef.wav,33
c5b9391c.wav,29
c5bcc937.wav,37
c6c921c2.wav,37
c71a719a.wav,5
c74ea973.wav,29
c7bd4545.wav,32
c8fbc442.wav,28
ca3c0cb8.wav,32
ca947135.wav,4
cb8022d1.wav,7
cba78947.wav,29
cbcc8197.wav,33
cc5662e7.wav,16
cc706d6c.wav,0
cce06a6e.wav,37
cd40bd32.wav,7
cd4f2689.wav,40
ce206b9d.wav,15
ce4ba0f9.wav,9
ce85f672.wav,15
cea12d19.wav,37
cf048634.wav,37
cfccd445.wav,8
d01af3cd.wav,17
d0219079.wav,7
d04475f7.wav,29
d09ef2c7.wav,14
d1f09f31.wav,5
d252a893.wav,40
d356b7a6.wav,29
d3a64b56.wav,29
d3bc4ae0.wav,32
d3fe92d2.wav,29
d4e0c1e5.wav,15
d4ee5722.wav,28
d4f2665e.wav,13
d57b2cb8.wav,19
d57f368b.wav,29
d5dff3c3.wav,15
d6333945.wav,2
d665021b.wav,21
d67a9e5a.wav,21
d729c959.wav,15
d7aae6fd.wav,22
d906e3c1.wav,37
d9261ff8.wav,37
d948c8f8.wav,15
d9b38f26.wav,35
da057fa2.wav,15
da7951f3.wav,15
db12b54a.wav,32
dba08cf8.wav,21
dca577c5.wav,15
dd5411fe.wav,29
ddd78964.wav,32
df003f06.wav,15
df39e2d0.wav,15
df462a16.wav,15
e0c8cab1.wav,15
e0c92985.wav,29
e0f630f5.wav,30
e1b3437f.wav,15
e1ea6c83.wav,32
e21049af.wav,15
e2327aef.wav,21
e2983e51.wav,15
e32d8a78.wav,14
e3f49d2d.wav,37
e4c5d6e5.wav,32
e512b102.wav,21
e54a048a.wav,12
e5639c51.wav,7
e5fb3705.wav,11
e6376b1e.wav,32
e6860991.wav,15
e6d2a47c.wav,19
e70e5619.wav,29
e74ed033.wav,37
e772d204.wav,14
e7ac44d0.wav,19
e84e08a8.wav,5
e887fb05.wav,5
e92079c2.wav,7
e920cbbb.wav,7
e97e4eef.wav,19
e991477f.wav,13
ea4bb0ac.wav,7
ea4bd189.wav,11
ea9fc5ca.wav,15
ead3dd15.wav,13
ead4ea8c.wav,11
eb0032b5.wav,33
eb297ef6.wav,14
eb51e8e4.wav,22
eb9f5d2d.wav,22
ebf9a82b.wav,37
ec126d93.wav,3
ec76d436.wav,15
ec988f2f.wav,28
ed977683.wav,28
ee319540.wav,37
ee7f82f8.wav,21
ee9b3800.wav,10
eeeed810.wav,26
ef5bb712.wav,37
ef838630.wav,14
efce5a52.wav,15
effd020c.wav,7
f08d2ce5.wav,17
f09701aa.wav,33
f0f17a5c.wav,29
f0f48b44.wav,4
f1033230.wav,21
f1119913.wav,21
f1f2305d.wav,15
f2331998.wav,11
f256d891.wav,19
f27be964.wav,32
f2b4c217.wav,15
f2bf6305.wav,37
f34be464.wav,36
f3fa8b78.wav,21
f42056cc.wav,29
f45f6503.wav,28
f466f9b6.wav,37
f5fb5cd1.wav,15
f5fe6b2e.wav,5
f6255d95.wav,15
f67bf992.wav,28
f6f1d171.wav,33
f73cbdd5.wav,14
f77419c7.wav,14
f7ee6c93.wav,12
f8dd670f.wav,21
f964eaba.wav,29
faf11428.wav,37
fb25e7ba.wav,37
fb4858c1.wav,37
fb7eea4f.wav,37
fc26fe52.wav,15
fd4187c7.wav,14
fd833f09.wav,29
fdadbe15.wav,14
fe0cb23e.wav,7
fe4d3c34.wav,4
fe629f0e.wav,15
ffdf1684.wav,26
00a161c0.wav,4
00a7a2f6.wav,7
00b2404e.wav,4
00d0ab77.wav,7
00e33205.wav,7
0102a895.wav,4
016e52da.wav,16
0183b482.wav,38
0185de6b.wav,38
01a5a2a3.wav,19
01aed32a.wav,38
01b85217.wav,7
01bede12.wav,2
01e628cb.wav,7
01eccb6e.wav,7
023431b2.wav,2
02482fdc.wav,38
024e45b1.wav,4
027f06cc.wav,23
02c3af87.wav,2
02df943b.wav,21
02f8d82c.wav,2
0345130c.wav,2
034b1b41.wav,16
0381efd3.wav,29
0394e0d4.wav,0
03d2bdca.wav,7
03e860b2.wav,2
040258a9.wav,4
0419676b.wav,7
04199401.wav,14
041c7581.wav,4
0448d513.wav,4
0459ee65.wav,7
046250d3.wav,4
046486df.wav,8
047b5857.wav,4
04a301e9.wav,2
04ab46a9.wav,4
04b7ef77.wav,16
04bdae57.wav,0
04c2ed9c.wav,7
04d15abd.wav,2
04dbef05.wav,4
04ed8568.wav,21
0509ce2f.wav,0
05296d2a.wav,7
053a5fc6.wav,0
057425e6.wav,14
057c2963.wav,7
058e63ea.wav,32
05fca090.wav,16
062c3119.wav,7
06308a6b.wav,4
0638da1a.wav,10
06718b47.wav,2
0671a98a.wav,2
0678a571.wav,2
067d6a04.wav,16
06827666.wav,38
0689d2f6.wav,21
069b1efa.wav,16
06bb374e.wav,14
06e4c394.wav,39
0722054b.wav,7
0745def5.wav,38
0751e141.wav,0
07682400.wav,15
076d3b6c.wav,2
07776603.wav,2
079367a7.wav,16
07954767.wav,21
07989042.wav,2
079faac8.wav,25
07c4fd98.wav,38
07d62787.wav,2
07eef0c0.wav,4
07fbde49.wav,2
085a9c5b.wav,4
087ed746.wav,16
092d89a0.wav,4
093963d5.wav,4
0969d9d1.wav,4
096c3969.wav,2
0976741c.wav,38
097cdef5.wav,39
0995f876.wav,1
09c9b50b.wav,1
09cba9de.wav,4
09e83f2a.wav,1
0a0b26cc.wav,21
0a79ddf7.wav,38
0a979caf.wav,7
0aab4d0f.wav,2
0ace560e.wav,7
0ace703f.wav,38
0ad916a0.wav,29
0b244358.wav,2
0b38f744.wav,0
0b430780.wav,6
0b495758.wav,14
0b4bb93c.wav,32
0b50d4c8.wav,38
0b62b09f.wav,7
0b8844bd.wav,38
0ba34dec.wav,7
0bc938fb.wav,4
0bdc064a.wav,16
0be7620d.wav,21
0bec9842.wav,7
0c1fbece.wav,2
0c31ca4c.wav,16
0c3b5861.wav,7
0c58f71a.wav,7
0c736a0f.wav,2
0c8071a4.wav,21
0c80cb97.wav,2
0cc0af58.wav,4
0ce09e4a.wav,16
0cec29e8.wav,16
0cefa487.wav,38
0cf34718.wav,7
0d23dd3a.wav,7
0d242640.wav,7
0d2d13b7.wav,0
0d5bb142.wav,2
0d99cfde.wav,2
0d9de265.wav,7
0da2acf4.wav,14
0db6ac5f.wav,2
0df38dfd.wav,4
0e1bd033.wav,37
0e3cdc5d.wav,4
0e468de3.wav,21
0e507ea4.wav,16
0e551b02.wav,38
0e596194.wav,7
0e8ccc81.wav,4
0ea9839a.wav,21
0edbfc63.wav,16
0f6dd6d8.wav,16
0fae3120.wav,7
0fc2e748.wav,2
0fcc66b7.wav,7
0fcd2371.wav,37
10098579.wav,7
104489a6.wav,2
1071703e.wav,4
10d3b2ec.wav,7
10d9265f.wav,4
111dd875.wav,4
113d2ca9.wav,0
11442d0e.wav,4
1146e063.wav,4
11770392.wav,0
11844b37.wav,7
118f1763.wav,7
11cc6d11.wav,2
11e80486.wav,38
12034b1a.wav,4
122f1508.wav,7
12584f90.wav,4
125c89cb.wav,0
126a48d2.wav,2
12a0327a.wav,7
12bf9735.wav,7
12d94273.wav,29
12edfe79.wav,2
12f5ec05.wav,16
12f71a9d.wav,2
12fb2e35.wav,37
13331371.wav,29
139aebb0.wav,1
13b9e681.wav,0
13d4af26.wav,7
13f663b3.wav,2
140d79b0.wav,7
142258b7.wav,16
14448a8a.wav,38
1460cf8c.wav,4
1467ad73.wav,4
147b4b92.wav,2
14b028c5.wav,2
14ba2025.wav,7
14cd4f75.wav,16
151254c2.wav,7
152f3667.wav,21
15345e4a.wav,16
15389a70.wav,7
15603fd9.wav,4
15860b48.wav,7
159e8bfb.wav,0
15bc9bf6.wav,21
15df8abd.wav,1
15f4101c.wav,38
162e8246.wav,16
16348aa9.wav,38
164b4c89.wav,0
16991fc7.wav,2
16bd8f47.wav,2
16c01f9b.wav,7
16d0c74a.wav,39
17a5de4f.wav,2
17ad9090.wav,16
17c6a405.wav,37
17cfddcf.wav,39
17d75970.wav,2
17e3144e.wav,7
17ee3009.wav,2
18210526.wav,21
18452dbe.wav,14
18b6a781.wav,7
18c8750a.wav,2
18f56a28.wav,7
1919c4b7.wav,4
19202922.wav,38
192b0f83.wav,2
192ddfa1.wav,9
19488282.wav,2
19536d06.wav,40
198e4540.wav,7
19a33fef.wav,4
19d99b8e.wav,7
19dd0adf.wav,0
19e6ef89.wav,14
1a1da2bf.wav,2
1a4085ff.wav,38
1a52350b.wav,7
1ab0c900.wav,2
1ace26c4.wav,37
1ae0231e.wav,21
1b19cbdc.wav,4
1b31d71a.wav,2
1b34f72f.wav,16
1b3ff3e3.wav,2
1b493d48.wav,14
1b7c4e2b.wav,39
1b88d7ed.wav,16
1ba287ab.wav,2
1be801e3.wav,21
1bf6b145.wav,16
1c01994c.wav,8
1c1562b1.wav,39
1c538cbe.wav,38
1c661f20.wav,2
1c692b4d.wav,2
1c75b34c.wav,16
1c8f42bf.wav,0
1cb49809.wav,39
1cb6cef9.wav,21
1cd4aae5.wav,0
1ce5c4d8.wav,0
1cffd032.wav,37
1d12222d.wav,4
1d5ecf23.wav,4
1d6703ef.wav,7
1d8fe11d.wav,16
1d998952.wav,7
1db6e253.wav,2
1dd17652.wav,16
1dd1d2d1.wav,2
1e341076.wav,4
1e3ca391.wav,7
1e585e85.wav,29
1e6dbc30.wav,4
1ed7d644.wav,7
1ee40c0c.wav,2
1ee7ef83.wav,4
1eeb38a7.wav,7
1f312f80.wav,33
1f6a1b37.wav,7
1f927a31.wav,4
1fb9cfa5.wav,2
201971e7.wav,16
201c4361.wav,2
202ed586.wav,16
20379099.wav,4
2058f848.wav,39
20921ce7.wav,14
20952acc.wav,2
20ae3b24.wav,7
20b395d8.wav,2
20e9b791.wav,2
20fb92eb.wav,0
216a20e4.wav,7
2174fe5c.wav,4
2187cb81.wav,39
2196f89c.wav,39
219f1658.wav,38
21d14004.wav,7
21dec696.wav,21
21e3e612.wav,2
2216fc49.wav,21
221c27f7.wav,38
225f0626.wav,2
226ea2c6.wav,16
227f2c50.wav,30
22891802.wav,21
22f3b36c.wav,15
22f70afe.wav,39
23029663.wav,21
231f314d.wav,4
2369256d.wav,38
23852f22.wav,7
23d1d920.wav,38
23d4cbff.wav,7
23e94e4f.wav,4
23f592dd.wav,16
2429265b.wav,21
24599c96.wav,4
247431d8.wav,38
249d9580.wav,0
24a8c4c4.wav,7
24cb7cdd.wav,39
24f112b3.wav,15
24f24bc6.wav,7
250dad68.wav,2
25497688.wav,2
25510ad1.wav,38
25580be4.wav,21
256056a2.wav,16
2594db13.wav,4
260e583d.wav,0
261fdeb9.wav,7
265908b6.wav,38
26798084.wav,2
26ea093e.wav,38
27172052.wav,28
272e7b10.wav,21
2765283f.wav,2
276a23a7.wav,2
277b5cdb.wav,7
2799c40e.wav,7
27be3341.wav,4
27c6d974.wav,2
280625c0.wav,7
281be83f.wav,2
2821a9d4.wav,16
28282534.wav,2
2867fd4f.wav,7
288b4a00.wav,21
28bfb700.wav,21
28c65e4d.wav,39
28d992e4.wav,16
29156b8d.wav,16
293680af.wav,2
29627bb1.wav,7
29730e21.wav,1
2977e22d.wav,4
29a56bfd.wav,7
29c41f5b.wav,0
29c6d965.wav,21
29eb4695.wav,21
29f34904.wav,16
2a1380db.wav,2
2a4a615f.wav,1
2a51669c.wav,38
2a55aedb.wav,0
2a8da3e8.wav,38
2a91718b.wav,2
2a93f776.wav,7
2ac3592d.wav,4
2ac47eb6.wav,7
2ac578ac.wav,21
2ac73118.wav,4
2ac77c6a.wav,39
2ac794ca.wav,38
2ad5c7c8.wav,7
2b0f0ad5.wav,2
2b6c13e3.wav,7
2b7b39be.wav,2
2b8e6892.wav,7
2bd000e5.wav,0
2be1bae5.wav,4
2bf36fef.wav,4
2c01a86f.wav,16
2c14ed19.wav,4
2c287b2c.wav,38
2c41a64d.wav,2
2c5e7ee0.wav,16
2c780aaa.wav,4
2caa9b82.wav,16
2cf851f3.wav,0
2d204120.wav,14
2d264806.wav,30
2d4e35a0.wav,16
2d589634.wav,16
2d6609d7.wav,16
2d6de409.wav,2
2d72aee6.wav,38
2d860064.wav,16
2d8a6242.wav,21
2da4fa14.wav,7
2df859da.wav,7
2e2f2bc4.wav,2
2e42ccd2.wav,2
2e49fbc0.wav,21
2e69b622.wav,4
2eaeb6b7.wav,0
2ec85d18.wav,4
2ed17427.wav,2
2ed69e64.wav,7
2f3c179a.wav,0
2f947f7e.wav,7
2f9df9d5.wav,2
2fda8c20.wav,4
3024ad07.wav,2
302bc9d1.wav,7
305d1932.wav,21
3077dab1.wav,37
307d21e8.wav,2
307e9f70.wav,2
30a8d1e4.wav,7
30ba2b0e.wav,7
30f0d392.wav,13
30f4864f.wav,7
311795eb.wav,4
3125f4e2.wav,7
31370617.wav,2
313b6bd6.wav,4
316e82b0.wav,39
318ad3a7.wav,4
31c321b9.wav,7
31daad59.wav,21
31ede8e7.wav,16
321a9ead.wav,7
321d9f06.wav,2
3222fa28.wav,7
3236f8f9.wav,4
328612aa.wav,7
32b64892.wav,4
32fe0550.wav,14
32ff9d27.wav,16
331332e4.wav,37
33404279.wav,38
334f6481.wav,2
338c1e9c.wav,0
338ed597.wav,7
33939435.wav,16
339c6a9e.wav,2
339cbd32.wav,14
33a0fa9d.wav,16
33bf100e.wav,7
33bf8bce.wav,0
33db956c.wav,4
33e901fb.wav,4
33ea32c3.wav,16
340bc3cd.wav,7
3437507a.wav,0
345441d2.wav,2
3463f897.wav,7
3466b1c4.wav,4
3467f48f.wav,2
34a160da.wav,2
34d1fffa.wav,4
34ff2f37.wav,21
3531e0f4.wav,38
3533dc16.wav,2
3542eddc.wav,4
3592e0cb.wav,2
35def6dc.wav,2
361c028f.wav,1
361fbd17.wav,7
3620c12b.wav,0
365a4c89.wav,7
36690c27.wav,7
3670cc04.wav,7
36a2202d.wav,32
36a92b29.wav,7
36e7790c.wav,39
36f5daf6.wav,4
36f6ba1e.wav,2
370cad4d.wav,4
371c577e.wav,29
37398fcb.wav,1
373b761c.wav,7
374a434b.wav,7
37694c0e.wav,7
3790ad69.wav,2
37c1e139.wav,16
37cba499.wav,38
37d0e58f.wav,7
37e94b1c.wav,7
38284f2a.wav,1
3831e47e.wav,38
38381ff2.wav,2
383c3a2f.wav,4
3865b766.wav,4
387da23f.wav,2
38804df8.wav,2
38a02855.wav,7
38cc6c04.wav,39
38d92a57.wav,4
3927bed7.wav,4
393de6a8.wav,7
397c8ecf.wav,21
397ffa21.wav,0
3989a3f8.wav,2
39a745ef.wav,39
39b33737.wav,2
39b4dc60.wav,2
39dac8ec.wav,2
3a0801f9.wav,4
3a101502.wav,7
3a2b16bb.wav,2
3a73a784.wav,2
3a7cccbf.wav,0
3a891940.wav,4
3ab3731d.wav,21
3abb82a8.wav,16
3ac65f4c.wav,4
3acaed28.wav,4
3ad721ec.wav,32
3add7ae7.wav,7
3b474488.wav,0
3b4d8fb9.wav,7
3b66f852.wav,2
3b9d4a87.wav,4
3bb0dc97.wav,39
3bb40757.wav,7
3c0e6e53.wav,25
3c8ab792.wav,4
3cc6a2cd.wav,16
3cc89a98.wav,16
3ce96793.wav,15
3d0ec9da.wav,4
3d147046.wav,7
3d1b68f0.wav,21
3d406694.wav,7
3d5751ee.wav,21
3dcbefe2.wav,7
3ddc8d03.wav,2
3df030f4.wav,2
3df8b04c.wav,16
3dffa69c.wav,16
3e0790d9.wav,21
3e0dab7d.wav,7
3e28d521.wav,15
3e3d7cf0.wav,38
3e71ea8e.wav,0
3e9a1a9f.wav,0
3f100727.wav,21
3f1983c4.wav,20
3f292d29.wav,7
3f2e6270.wav,21
3f3263b9.wav,7
3f3dd3e8.wav,14
3f602de6.wav,2
3f76367a.wav,2
3f7c6870.wav,29
3fad1612.wav,16
3fb0052f.wav,9
3ffa47a3.wav,4
401abadb.wav,7
40290b3a.wav,14
402e665f.wav,21
4069fc99.wav,2
406c7d4a.wav,40
406e49e3.wav,2
40c428f4.wav,14
40ee7f27.wav,2
40f8b146.wav,7
411418ba.wav,38
41213cff.wav,7
414bb5ac.wav,0
41703f1f.wav,32
41715c37.wav,16
4186cc4c.wav,7
4199d0f0.wav,2
419afd97.wav,0
41a655a6.wav,21
41bba462.wav,2
41c5de96.wav,38
41ed04fc.wav,7
42291a44.wav,2
422b26aa.wav,7
423afcad.wav,4
425fdc34.wav,38
4272aa40.wav,7
42953ec5.wav,0
42aea0ea.wav,4
42afd261.wav,2
42d318cd.wav,2
42d59b16.wav,21
42e300f5.wav,7
42f2c1a0.wav,2
430dfbd9.wav,7
43159367.wav,7
432d77c9.wav,4
433221cb.wav,1
433490d3.wav,29
43369aab.wav,38
4342d13c.wav,16
4359791d.wav,38
43e0376c.wav,21
43f62beb.wav,7
440e4313.wav,2
441b8b36.wav,37
4421aca7.wav,7
44481c55.wav,4
4485c487.wav,2
4493afc5.wav,4
449d3555.wav,2
44dc2132.wav,38
44e4f598.wav,39
44ec65ad.wav,4
44fbdcda.wav,0
4502efbb.wav,40
45058571.wav,0
450a1f1d.wav,7
4540623e.wav,21
456f7d5d.wav,21
45938169.wav,2
45d66815.wav,15
45f7e58b.wav,14
45fd564e.wav,2
46121269.wav,29
46380229.wav,39
463de778.wav,0
466e8bab.wav,21
4699c352.wav,21
46a20346.wav,7
46a4d46b.wav,7
46f0b51b.wav,29
47542ddc.wav,21
479d9994.wav,7
47c48965.wav,7
47ca6f5b.wav,4
48395d1c.wav,38
487c9504.wav,2
488a5d9c.wav,30
48b961a9.wav,2
4921dd6d.wav,21
4924e7be.wav,7
492bacbe.wav,24
49310d66.wav,14
497ee9c2.wav,7
49db47e7.wav,2
49e1ad64.wav,2
49ef9965.wav,26
49f76294.wav,7
4a0537ca.wav,16
4a1bb3e6.wav,2
4a21c3c1.wav,4
4a28c8be.wav,16
4a463e20.wav,2
4a7319b5.wav,2
4a78fcf1.wav,0
4a80e0f1.wav,21
4aad15d9.wav,4
4addb944.wav,7
4ae125fe.wav,14
4ae5ced1.wav,2
4b2f981f.wav,37
4b33f11f.wav,4
4b42bacb.wav,2
4b4367eb.wav,4
4b61f887.wav,7
4b746e56.wav,7
4b896440.wav,7
4b8aa2a7.wav,32
4b9b7a53.wav,7
4bab7e93.wav,4
4bdc4632.wav,16
4bf41551.wav,15
4bfa5fbf.wav,38
4c19efd5.wav,7
4c4d6cbf.wav,4
4c64aea6.wav,21
4c88c2a3.wav,7
4ca2ed5b.wav,2
4cbd3c16.wav,2
4cc40318.wav,4
4cca2950.wav,16
4cee973b.wav,0
4cf3c793.wav,38
4d07004b.wav,7
4d320a43.wav,16
4d356179.wav,38
4d417f72.wav,21
4d4664c0.wav,0
4d551930.wav,2
4d61d0cf.wav,7
4d6f4757.wav,29
4d732292.wav,4
4d7520d8.wav,7
4d75e468.wav,7
4da6b455.wav,16
4dae7221.wav,4
4dee83d1.wav,7
4df61d85.wav,0
4e1d76d2.wav,21
4e5a7022.wav,1
4e8087bd.wav,15
4e8a1870.wav,7
4e904f15.wav,16
4eb467dd.wav,16
4ed12f6b.wav,4
4edd0286.wav,16
4f0ed68d.wav,29
4f68c317.wav,0
4fe25887.wav,2
4ff4cd67.wav,16
5001fc68.wav,38
501042fa.wav,2
5040f19a.wav,2
504731b0.wav,2
50724dc6.wav,14
507932b4.wav,26
50a7ee5b.wav,14
50dcac80.wav,7
50dfe10a.wav,16
50effbe4.wav,2
513a529d.wav,21
51422c6f.wav,0
51580548.wav,14
5163ad99.wav,2
516baec9.wav,0
51755110.wav,19
51867118.wav,4
518f0af2.wav,32
51e61492.wav,2
51e9efeb.wav,2
52028c0d.wav,15
53029862.wav,7
530719c1.wav,0
531c52d1.wav,16
53513da6.wav,7
5351625e.wav,16
5363578d.wav,21
53e4d869.wav,16
54119706.wav,7
545b4557.wav,21
547d9c55.wav,2
54e8f62f.wav,0
54fe74b6.wav,38
5509a81d.wav,29
55150b52.wav,2
553f8a35.wav,8
554d8ea6.wav,0
55c94d15.wav,7
55cc505e.wav,2
55dae141.wav,4
55efa01f.wav,16
5614a44a.wav,0
5642d9df.wav,2
56491823.wav,7
5652805f.wav,4
565ef78b.wav,7
56648d43.wav,4
566911b7.wav,0
569cd9da.wav,0
56dd0ce9.wav,14
5703fdd9.wav,38
570a1821.wav,2
571ac72f.wav,4
573495c1.wav,16
573bf8b0.wav,7
57551b88.wav,7
5761f800.wav,0
579d6de4.wav,2
57a43af9.wav,4
57a656ec.wav,16
57d6baac.wav,15
58017079.wav,4
580468b6.wav,21
580cf7d2.wav,15
5851365b.wav,15
585a58c9.wav,2
5869a324.wav,7
586a68fb.wav,21
587e867e.wav,2
58864b07.wav,2
5895612c.wav,7
58a13aa9.wav,2
590cef8a.wav,14
59190ef2.wav,7
591f738e.wav,38
5924a0f4.wav,18
592f32bb.wav,16
5931d373.wav,21
59405f12.wav,16
5948a83b.wav,7
5968f9ac.wav,21
596cf925.wav,0
59c0b2f4.wav,2
59f27ebf.wav,7
5a2b60df.wav,4
5a3491fc.wav,4
5a908d0a.wav,4
5af54bc3.wav,4
5b0fd789.wav,2
5b115dac.wav,16
5b3f8368.wav,2
5b42d271.wav,29
5b851ffe.wav,2
5bb22003.wav,21
5bb3f86e.wav,2
5bd56228.wav,16
5bdf9936.wav,2
5bf5f3d3.wav,16
5c183d8f.wav,21
5c928608.wav,0
5cb5b970.wav,7
5cc2d3d0.wav,7
5ceab91b.wav,3
5d1ac636.wav,21
5d21d960.wav,2
5d34053d.wav,7
5d57c7a8.wav,39
5d5a4993.wav,4
5d86facc.wav,16
5d8c16ab.wav,16
5dad64eb.wav,7
5ddfcf11.wav,7
5e0f8a17.wav,4
5e151007.wav,21
5e239e56.wav,15
5e2687f4.wav,7
5e300654.wav,2
5e57f26d.wav,0
5e80e0d9.wav,2
5ebdf24d.wav,0
5ece86be.wav,4
5f3a797f.wav,15
5f5b54db.wav,0
5f611b8f.wav,7
5fab94f4.wav,21
600e4aa8.wav,21
60621005.wav,39
606de107.wav,7
60b0f05c.wav,2
60b920f1.wav,29
60b9a2a1.wav,2
60ed1752.wav,2
60f3194b.wav,28
610df4a9.wav,16
6115040b.wav,4
612ba668.wav,2
6157794c.wav,16
617779d4.wav,7
619501cb.wav,16
619d237e.wav,7
61a2bd86.wav,22
61b7adf9.wav,2
61e008b7.wav,37
61f9e879.wav,15
6206fd72.wav,16
6210a984.wav,7
6238e18a.wav,2
627f0769.wav,39
62bed347.wav,38
62c37666.wav,32
62c8b1bd.wav,4
62e448c2.wav,2
6315baf0.wav,4
63791aa4.wav,21
63ba3198.wav,38
63d0f155.wav,0
640620fb.wav,7
64103ac4.wav,2
641e156b.wav,15
641ffedb.wav,7
64253f06.wav,1
64654dde.wav,4
647dbd54.wav,4
648411f8.wav,2
648605e6.wav,7
6487d2ed.wav,39
64f1a7f7.wav,37
65447e9c.wav,4
655ba51a.wav,4
65882507.wav,0
658e01e5.wav,4
65a6acce.wav,7
660d10ea.wav,4
660eb54f.wav,2
663c976e.wav,21
66403042.wav,2
66411702.wav,38
66840dd6.wav,38
668d97c8.wav,7
669b7d38.wav,39
669e70f6.wav,1
66aadac6.wav,2
66efd933.wav,4
6719d8a4.wav,4
677f3594.wav,16
678cc7e1.wav,1
67a2dd8b.wav,0
67a771e5.wav,7
67b3956a.wav,7
67ec60ec.wav,21
682ea5c2.wav,2
684e6329.wav,0
6850a8e0.wav,21
68516de2.wav,16
6879faf2.wav,2
68a0da1f.wav,2
68a70c21.wav,2
68a8a516.wav,4
68b4471a.wav,2
691e2ba7.wav,7
695db66e.wav,34
698f7dfd.wav,6
69c6b75d.wav,16
69ca1307.wav,38
69d8927f.wav,0
69eb69bf.wav,4
69f00142.wav,4
69fb974d.wav,7
6a010a3b.wav,4
6a49870b.wav,7
6a4a0f6c.wav,2
6a4c6be2.wav,7
6a59da0e.wav,2
6a95684b.wav,0
6ab2a13b.wav,19
6ab6ca9b.wav,7
6ab8e56f.wav,2
6ad4ccea.wav,4
6add5aad.wav,16
6aef9576.wav,7
6aefce55.wav,2
6afad514.wav,7
6afedaca.wav,7
6b0629d4.wav,33
6b0f949f.wav,2
6b3059b8.wav,2
6b32bcea.wav,14
6b3d7d7e.wav,14
6b5773d7.wav,0
6b7bf6b5.wav,7
6b8264da.wav,38
6ba93bc4.wav,37
6bb1c90d.wav,16
6bb51404.wav,7
6bb90c4c.wav,37
6bd39e8c.wav,4
6bded4c9.wav,38
6be8ef5e.wav,2
6bfd7d5c.wav,2
6c439697.wav,2
6c4af144.wav,16
6c4e791e.wav,40
6c73323f.wav,21
6ca3e9f1.wav,21
6d27faa4.wav,4
6d2ed194.wav,4
6d3b048d.wav,7
6d8d8abc.wav,29
6d8e295f.wav,7
6de0ac67.wav,5
6de76397.wav,28
6df0ac7a.wav,16
6dfc8cf2.wav,39
6dfdf9a4.wav,4
6e0cb650.wav,0
6e221d96.wav,16
6e30e3f9.wav,21
6e4f3076.wav,7
6e53950a.wav,21
6e5fcd4b.wav,38
6e88aa4b.wav,0
6ecaa22e.wav,4
6f163733.wav,38
6f29b631.wav,0
6f2a72d4.wav,4
6f48be5c.wav,7
6f99603c.wav,32
6fa27bc7.wav,38
6fa46027.wav,7
6fab4698.wav,2
6fb016e5.wav,2
6fd2db58.wav,14
6fe1b618.wav,4
6fee5084.wav,7
6ffaaf83.wav,7
6ffed77f.wav,4
70092d7c.wav,2
70836b66.wav,33
7089fa20.wav,16
70b41bce.wav,4
70cdfeb4.wav,4
70efab27.wav,2
71055509.wav,28
712b7a9d.wav,0
7132bfb1.wav,2
71674cef.wav,7
71893c70.wav,2
71b7d476.wav,2
7200dcc1.wav,4
7203e758.wav,2
723fc243.wav,21
72418c07.wav,2
725785f6.wav,16
72770940.wav,16
728c27f1.wav,4
72acaecd.wav,38
72af769d.wav,38
72db35af.wav,0
7300228e.wav,0
73135c91.wav,38
7324bf5e.wav,2
732a8dcb.wav,2
7358244d.wav,37
736dfa08.wav,39
738ae2b1.wav,16
73a62768.wav,16
73bae886.wav,39
73c9168b.wav,4
73e1c3e6.wav,21
742b9f13.wav,4
743ab59b.wav,24
74491a13.wav,0
74746d8f.wav,16
747d172e.wav,21
7490c62b.wav,7
74952b32.wav,4
749ba4e6.wav,0
74b03705.wav,7
74c62cb9.wav,7
74ebbfd1.wav,39
74f9f0b4.wav,37
74feee4f.wav,4
750c5118.wav,4
751a5a36.wav,20
752adae1.wav,21
753937a1.wav,0
7547651b.wav,15
75491024.wav,21
757a6a10.wav,4
75c38d6a.wav,16
75ce3b44.wav,16
75d1d7bb.wav,37
75e35e02.wav,19
76451aea.wav,7
766e9862.wav,16
76ab680e.wav,2
76c3b39d.wav,2
76ce29de.wav,2
76e68d7a.wav,4
76f467b7.wav,4
76fbffde.wav,40
7708ebd8.wav,39
771e9c38.wav,38
773fb3df.wav,14
775b0759.wav,39
777841f5.wav,38
779483df.wav,38
77ba4453.wav,7
77ee306d.wav,1
7805dff9.wav,16
780dadc3.wav,4
78111e40.wav,21
781499f3.wav,2
781c8069.wav,4
7833c141.wav,7
786ebb68.wav,38
787cebba.wav,38
78885fa8.wav,4
78bc8a0a.wav,4
78c53e09.wav,19
78e6d1e7.wav,15
78f8dae9.wav,0
7901b500.wav,16
790c0a14.wav,7
7914d30f.wav,2
7935b0e2.wav,4
795e11a4.wav,7
7961cae0.wav,4
7990842b.wav,4
79b9d0ac.wav,4
79f68bc0.wav,16
7a384640.wav,21
7a5aa493.wav,16
7a73f213.wav,21
7a774e4f.wav,7
7a96fbb4.wav,7
7a991ba0.wav,2
7aa58339.wav,37
7ac71752.wav,2
7b188557.wav,7
7b2d48f6.wav,6
7b3c2236.wav,37
7b49d63f.wav,21
7b604493.wav,7
7b6e969e.wav,2
7bb156d7.wav,0
7bd7f530.wav,0
7c093e45.wav,38
7c23d954.wav,4
7c302da7.wav,21
7c352fba.wav,4
7c444d1b.wav,2
7c56f810.wav,1
7c7e7193.wav,2
7c7e8e9c.wav,21
7c81b6bb.wav,16
7c99b1d0.wav,0
7cb103db.wav,0
7d2930a1.wav,21
7d2d2922.wav,2
7d559dd9.wav,4
7d8b72b3.wav,4
7da39019.wav,0
7dae1b90.wav,2
7db815c8.wav,2
7df6b578.wav,0
7e0efff6.wav,2
7e1c049f.wav,7
7e1f82fb.wav,2
7e20df38.wav,2
7e4dd1d8.wav,4
7e54ba11.wav,16
7e769882.wav,36
7e7e1779.wav,16
7e82d24d.wav,7
7e8fdee3.wav,38
7e916035.wav,2
7ec1ee99.wav,14
7ee759e4.wav,16
7f1c8dbf.wav,2
7f46aa2f.wav,38
7f542379.wav,2
7f6d99e7.wav,7
7fc2153a.wav,38
7fe3251a.wav,32
7fffb435.wav,1
80158b0d.wav,29
8053ec54.wav,0
8087fda0.wav,16
80bb027b.wav,16
80d434c0.wav,2
80fbc53e.wav,38
81009d0e.wav,2
81739d68.wav,2
81c5b178.wav,2
81ff71ac.wav,2
8209d1c5.wav,7
8214c13a.wav,38
82680b6b.wav,2
82977301.wav,38
82afce57.wav,0
82e1a48e.wav,0
82e9d695.wav,2
82f5dce5.wav,0
83043bdc.wav,33
830ed5a6.wav,7
8319139c.wav,0
83d94148.wav,16
83ea3238.wav,16
8448f6cd.wav,4
8464084e.wav,37
84814983.wav,2
848d0520.wav,39
84969d15.wav,4
84ad2872.wav,2
84b28400.wav,1
84d799c6.wav,4
84e18e10.wav,1
850a0101.wav,16
850adb61.wav,2
85415778.wav,2
857b6bef.wav,4
858f7127.wav,7
85a808ef.wav,21
85b713b4.wav,0
85e80ed6.wav,7
85f729aa.wav,1
85fe17f1.wav,4
861b3627.wav,4
861e1670.wav,2
862fee52.wav,0
8639a0df.wav,16
863b390d.wav,39
86503b54.wav,7
8651223b.wav,2
868ce438.wav,4
8691659b.wav,2
86948bc5.wav,7
86c07637.wav,37
86dd79e9.wav,7
86e51726.wav,7
86f3857d.wav,0
870a15ad.wav,4
876edcdb.wav,7
87880c7f.wav,16
878fb6f3.wav,4
87a528ae.wav,0
87b624fe.wav,0
880bb433.wav,16
8823bdac.wav,4
8834a5f9.wav,4
886933c1.wav,7
888fc7f5.wav,4
88b8da56.wav,4
88d9ec5f.wav,4
88e748d7.wav,4
89171d87.wav,7
8961de43.wav,38
897317d0.wav,38
8989a18a.wav,2
89a93553.wav,4
89bf91c0.wav,4
89e23feb.wav,0
8a23c5d3.wav,6
8a25df61.wav,38
8a4865fe.wav,7
8a67db0c.wav,21
8a764cbf.wav,14
8a772083.wav,16
8a94d1c5.wav,20
8ad6985a.wav,38
8b11746f.wav,0
8b3869ca.wav,7
8b5aad24.wav,4
8bbc0de9.wav,2
8bf5bdd4.wav,4
8c01c4c6.wav,38
8c2ff0ad.wav,2
8c66ebe9.wav,38
8c87e590.wav,4
8d2da9b5.wav,38
8d8a9fe6.wav,7
8dc01b71.wav,7
8dc54a8e.wav,16
8e202c4e.wav,38
8e2f5c69.wav,7
8e543156.wav,2
8e77c215.wav,2
8e7b6d22.wav,7
8e80910b.wav,16
8e8c8e9e.wav,16
8eb1ea97.wav,16
8ee42916.wav,38
8f30ba84.wav,2
8f550587.wav,2
8f5b29b4.wav,14
8f97b70f.wav,21
8fc53634.wav,2
8fd15263.wav,7
8fd16cd5.wav,2
8fe0a08b.wav,7
8fed5fb1.wav,2
900c7baa.wav,7
903de3b1.wav,38
906516e4.wav,33
90913acd.wav,2
90989b31.wav,0
90c74bfe.wav,21
91141036.wav,2
913a1445.wav,0
913e636a.wav,7
9164845d.wav,21
918d8fc9.wav,20
91915055.wav,4
91df997e.wav,39
92237146.wav,2
9231c456.wav,7
92481470.wav,7
9254f785.wav,7
9256c7f4.wav,1
9291bc3a.wav,38
92982e3c.wav,15
92acd757.wav,2
92b69c1d.wav,21
92cf03f8.wav,4
92e273eb.wav,40
9310ab02.wav,7
932395f6.wav,19
938d400f.wav,21
939ffae6.wav,29
93a55c7b.wav,4
93af9139.wav,21
93b20f55.wav,7
93bf1b3e.wav,2
93bfb387.wav,7
93c075c2.wav,0
93dbba2e.wav,4
94194eaa.wav,4
943df0b4.wav,38
94a36a13.wav,2
94a9435c.wav,21
94c30fed.wav,2
953356f3.wav,21
9569780a.wav,33
958f6785.wav,2
9593d4ac.wav,7
95baaac3.wav,2
95cabb0f.wav,21
95f4bd85.wav,7
96159561.wav,0
961a6103.wav,2
96548650.wav,4
965a0666.wav,4
966a55fa.wav,32
969e9b00.wav,2
96ab3c1e.wav,2
96ac5c41.wav,7
96c47ec1.wav,2
96f7a0c5.wav,8
971d1232.wav,2
97238e88.wav,29
97965f1f.wav,4
979fe515.wav,4
97bf815a.wav,7
97e1ba14.wav,7
97ea77ba.wav,21
98065459.wav,4
98199480.wav,16
9819e91e.wav,21
981dac47.wav,7
982768dd.wav,0
9869bf25.wav,2
9889afd6.wav,2
98c4a766.wav,39
98cb2af8.wav,2
98d6892e.wav,2
9917b8ec.wav,7
991bf286.wav,16
991d17ba.wav,14
99344bfb.wav,4
995c229f.wav,7
99699968.wav,7
996e7bd3.wav,29
997199bf.wav,28
9980da68.wav,29
99c5bef4.wav,7
99ce6f92.wav,2
99cf60eb.wav,16
9a0217d4.wav,4
9a179da7.wav,38
9a1b776f.wav,2
9a4b948b.wav,16
9a5526c3.wav,4
9a7781ce.wav,7
9a77f4bf.wav,38
9a818259.wav,7
9a96c44a.wav,7
9a9a8b04.wav,7
9ac3ffa8.wav,7
9ad09b7d.wav,21
9aee1a9a.wav,0
9b0edc5d.wav,38
9b174107.wav,39
9b17a88f.wav,0
9b34f24d.wav,21
9b3650e9.wav,2
9b7614f5.wav,16
9b7dba6d.wav,37
9ba882fa.wav,4
9bbc1586.wav,2
9bc8fef8.wav,21
9beda058.wav,2
9c14157b.wav,28
9c31bbec.wav,7
9c53edce.wav,4
9c5b37c5.wav,4
9c7cee6e.wav,32
9c9dbb32.wav,2
9ce3e302.wav,14
9ce62ba5.wav,39
9d14aaf4.wav,38
9d3391f6.wav,4
9d74da66.wav,2
9d80c51b.wav,0
9d9415dd.wav,2
9d9c3829.wav,38
9daac2d9.wav,7
9db13501.wav,7
9dc56bef.wav,2
9dd47780.wav,0
9dfc41b6.wav,16
9e0cd829.wav,21
9e13c4c8.wav,2
9e3bcc22.wav,2
9e5b7c97.wav,4
9e64428c.wav,38
9e834633.wav,4
9e91e5c3.wav,4
9ea318bd.wav,1
9eb4fa3f.wav,32
9ebdb103.wav,0
9ebff0e2.wav,2
9ee83aa5.wav,2
9ee8e9db.wav,16
9ef21263.wav,7
9f44cf6f.wav,2
9f9dfd2e.wav,2
9fc1ba6f.wav,38
9fddfb26.wav,7
a0062826.wav,0
a016a70f.wav,7
a0191d02.wav,4
a0207ec1.wav,14
a02b427e.wav,4
a067f5d0.wav,21
a085681d.wav,21
a0d0e5bf.wav,14
a15be9f9.wav,2
a165a167.wav,0
a1843315.wav,21
a18f6f32.wav,0
a1a61527.wav,32
a1d1c681.wav,39
a1ef1604.wav,4
a21415c8.wav,7
a21dcba9.wav,0
a22a4fb8.wav,16
a264c7ad.wav,30
a2a3c004.wav,7
a32963fc.wav,7
a3e945a0.wav,0
a404696a.wav,16
a414675e.wav,38
a4265282.wav,29
a44d9416.wav,2
a45ae740.wav,2
a483afc7.wav,7
a486c5b3.wav,2
a4b29f69.wav,38
a4c783a1.wav,4
a4f3f1fc.wav,2
a5017f74.wav,4
a50fd0d6.wav,14
a5124583.wav,36
a5248de3.wav,16
a5732b01.wav,2
a5ba14cb.wav,2
a5bb8c40.wav,7
a5d1f64d.wav,4
a5d8e33c.wav,7
a603751d.wav,7
a60d8975.wav,7
a63b78df.wav,2
a63f5992.wav,4
a6420818.wav,32
a6548091.wav,2
a66af5cc.wav,7
a677bc9d.wav,7
a70453d9.wav,16
a7098fab.wav,7
a773917a.wav,38
a778cd31.wav,2
a7a0e86c.wav,16
a7fa1420.wav,15
a7fe8283.wav,2
a808c4c0.wav,7
a81ce854.wav,21
a827a868.wav,0
a82b6e0c.wav,8
a870269c.wav,7
a8a1f70d.wav,2
a8abfadf.wav,16
a8e1ec3a.wav,37
a917d368.wav,2
a91a52de.wav,2
a93a2e9b.wav,4
a99a6d8d.wav,2
a9a2c41a.wav,2
a9b26cd0.wav,16
aa0db6f1.wav,4
aa42b21d.wav,2
aa4e07a4.wav,24
aa725943.wav,4
aa8018ff.wav,2
aa985307.wav,16
aaaa667f.wav,5
aab4ae7e.wav,16
aae35a7c.wav,7
aaef338a.wav,38
aaf4de8d.wav,7
ab16d22c.wav,0
ab3afc37.wav,29
ab408dc7.wav,2
ab4c42b8.wav,4
ab4d8224.wav,4
ab5295d4.wav,7
ab5c3274.wav,16
ab5fd952.wav,16
ab93d9cd.wav,2
abd88f50.wav,37
abe80677.wav,4
abed8684.wav,2
ac2664fa.wav,14
ac44f2af.wav,21
ac4e170d.wav,7
ac507fd0.wav,38
ac7eec59.wav,0
ac8c9f4c.wav,16
acb2260c.wav,4
acb33e73.wav,39
acdcfb8f.wav,39
ace88278.wav,0
ad1a8bce.wav,21
ad323692.wav,7
ad7bd363.wav,36
ad7dbf27.wav,7
ad8a6cdd.wav,2
add3bd1d.wav,21
add600ff.wav,7
adf7b2fa.wav,7
ae331164.wav,39
ae3dc480.wav,2
ae48e08f.wav,21
ae62b053.wav,16
ae6c0369.wav,38
ae7ce8c2.wav,16
aececc9c.wav,16
aecfe343.wav,21
aed23c4c.wav,2
aeeb9ba1.wav,7
af0d524d.wav,2
af1a0aa6.wav,38
af30a709.wav,21
af43843d.wav,39
af58d61c.wav,2
af718910.wav,2
af798daf.wav,2
af997cb4.wav,2
afb7cbde.wav,4
afe2ff6f.wav,21
afeaea21.wav,7
affa1b00.wav,1
b005aa55.wav,7
b03a0f28.wav,4
b055cd83.wav,4
b05ac4fc.wav,1
b0750e04.wav,4
b07b68c9.wav,38
b0bd3aa1.wav,38
b0d8c16e.wav,7
b0e7ac94.wav,4
b10faf86.wav,16
b11cedd4.wav,4
b12f3cda.wav,7
b138fc4e.wav,2
b14ca264.wav,2
b15dd386.wav,38
b1aed555.wav,4
b1dda744.wav,38
b2053215.wav,21
b20c03c8.wav,21
b20f3780.wav,2
b212832d.wav,37
b2180cde.wav,29
b25222dc.wav,7
b27400cc.wav,7
b281bf41.wav,7
b290f28b.wav,40
b2be0754.wav,4
b2f25444.wav,2
b3114876.wav,2
b31a836b.wav,38
b31b21b1.wav,7
b34f01f2.wav,0
b3672ab6.wav,7
b3745348.wav,2
b37d236d.wav,21
b3dccc04.wav,7
b3eaac5a.wav,1
b3f1e261.wav,38
b418dcc1.wav,4
b4391472.wav,38
b447eabb.wav,7
b44a7aea.wav,29
b4559f80.wav,0
b4719dc1.wav,15
b4e8b943.wav,39
b4fc0648.wav,38
b51cda37.wav,16
b5210807.wav,16
b5376c25.wav,14
b599e873.wav,2
b59d79c6.wav,4
b6098ab9.wav,2
b64952a0.wav,16
b6732369.wav,4
b673a7e4.wav,4
b6859e37.wav,7
b6eb5f3e.wav,7
b6ec0164.wav,0
b71117e5.wav,16
b712c709.wav,0
b712e166.wav,0
b74030bf.wav,7
b7462859.wav,38
b7712bb3.wav,21
b795119f.wav,39
b7d6644f.wav,4
b7d8f1ab.wav,7
b8029912.wav,4
b80a41ad.wav,39
b8149b6c.wav,7
b83024d6.wav,2
b86810ff.wav,2
b8bcad0b.wav,4
b8d74066.wav,0
b8dc7f65.wav,39
b9465744.wav,40
b98224ff.wav,21
b983c6d9.wav,2
b9bfa602.wav,4
b9e4e480.wav,4
b9ea68ec.wav,7
ba0261a2.wav,2
ba12c593.wav,2
ba28174d.wav,14
ba2fad40.wav,16
ba604f2e.wav,7
ba6c5a9e.wav,4
ba7231f9.wav,7
ba732e45.wav,12
ba7d187a.wav,2
ba86c15f.wav,7
ba873ba8.wav,22
ba9443c7.wav,15
bacb769e.wav,4
baeaecb2.wav,2
bb31bfe4.wav,0
bb6254c4.wav,2
bb634fa2.wav,4
bb867bef.wav,7
bba81c1c.wav,21
bbd71d91.wav,16
bbea2f9f.wav,2
bc0d54b5.wav,2
bc3264fd.wav,29
bc34f748.wav,39
bc39ca14.wav,7
bc9c55c2.wav,28
bc9ecaac.wav,37
bcda4910.wav,2
bcf99eb3.wav,2
bd16d29a.wav,0
bd271732.wav,2
bd3ba846.wav,7
bd58d191.wav,2
bd63ed5f.wav,21
bd661885.wav,2
bd702317.wav,21
bdbb5a2a.wav,29
bdd0b24e.wav,2
be264bf2.wav,22
be4c1d3d.wav,4
be66ee27.wav,2
be8b491b.wav,7
be8c3977.wav,16
be8f6c7c.wav,40
be9d0575.wav,4
bea9dbc3.wav,2
bec6e952.wav,7
bee6c09a.wav,31
bef40206.wav,15
bef415f6.wav,16
bf14d7eb.wav,7
bf18d4d9.wav,7
bf2f2c05.wav,38
bf35e0b4.wav,7
bf3bd980.wav,21
bf91197a.wav,2
bf9e476f.wav,7
bfb8b54b.wav,4
bfe6d0ea.wav,4
bff6fd75.wav,2
bffb04cd.wav,0
c01317ef.wav,2
c039205d.wav,4
c0e548b3.wav,4
c0ea0aff.wav,4
c1170d82.wav,7
c1649747.wav,16
c180a40c.wav,4
c189f572.wav,2
c1a0eebe.wav,21
c1adbadd.wav,14
c1b02559.wav,2
c1f6ba21.wav,7
c2219fbd.wav,16
c291920c.wav,7
c2919ea3.wav,37
c2a7b375.wav,2
c2bcf383.wav,4
c2cbb479.wav,7
c2f23f06.wav,16
c30381cc.wav,7
c3090cde.wav,21
c30b21fb.wav,29
c31b2810.wav,0
c341e319.wav,7
c3589e10.wav,21
c37d35cb.wav,7
c3987e7d.wav,4
c3b2c6c6.wav,2
c3b5c2a4.wav,37
c400324f.wav,16
c42ad4ca.wav,7
c493f5f3.wav,7
c4a0ca0b.wav,7
c4af00c9.wav,21
c4deeb0c.wav,0
c4fdb5c6.wav,4
c511c95f.wav,7
c517e7cc.wav,21
c53fb542.wav,7
c55f3aef.wav,2
c56beb9d.wav,21
c5869407.wav,32
c591ee8d.wav,0
c5a307f5.wav,37
c5b6e4e9.wav,0
c5bfaf2c.wav,4
c5ee7298.wav,39
c607b764.wav,2
c6236388.wav,0
c69ff222.wav,7
c6cd02cf.wav,7
c6d8f5e0.wav,39
c6f186a1.wav,7
c70d5f58.wav,14
c71d4dca.wav,16
c72dd08a.wav,4
c7643f5a.wav,2
c771f58d.wav,16
c782e255.wav,21
c7a77b40.wav,7
c7b5ef5b.wav,2
c7cb0756.wav,2
c91ba6f8.wav,0
c91bf2d3.wav,7
c9220d75.wav,13
c92e687c.wav,37
c949e9e5.wav,29
c94f039b.wav,2
c967660f.wav,37
c98fcd10.wav,38
c99fbfd4.wav,21
c9a6616a.wav,2
c9aa3c62.wav,40
c9d7e926.wav,4
c9e0c8d1.wav,1
c9f21d67.wav,2
ca155c64.wav,0
ca60ec85.wav,7
ca69e09f.wav,7
ca9edfd7.wav,16
caa4969a.wav,7
caecc4f5.wav,4
caf4c3d2.wav,7
cafdbf9a.wav,2
cb31eca9.wav,4
cb45a066.wav,7
cb53ddf2.wav,16
cb84bad3.wav,32
cbf52f8d.wav,21
cbfad5d5.wav,4
cc1f92f9.wav,26
cc675b4f.wav,4
cc7ba40a.wav,4
cc809446.wav,4
cc8320de.wav,2
cc86d6ea.wav,7
ccaba3cb.wav,21
ccbf92d8.wav,2
ccc4050e.wav,2
ccfbe5ab.wav,2
cd35b71d.wav,16
cd4c14f9.wav,7
cd58c8ce.wav,7
cd605279.wav,4
cd751727.wav,2
cdb4ced5.wav,4
cdb9d835.wav,0
cdc39da1.wav,4
ce079011.wav,0
ce091e31.wav,21
ce1d5c23.wav,7
ce203f06.wav,7
ce5b2140.wav,38
ce8172d5.wav,2
ce95dcea.wav,4
ce99f94c.wav,7
cea165f8.wav,17
cee05a5f.wav,7
cee063a7.wav,34
cf0f872c.wav,7
cf109573.wav,4
cf156f7d.wav,39
cf655c72.wav,1
cf6a21d7.wav,21
cf7b4e97.wav,4
cf99e424.wav,4
cfd05410.wav,16
cfd7f8d1.wav,7
cfe27a89.wav,4
d0296d9a.wav,2
d037cc6b.wav,7
d061c5bf.wav,2
d06d9b40.wav,16
d09374f6.wav,3
d0bfea10.wav,7
d0d3cc84.wav,2
d1109918.wav,16
d129d523.wav,2
d16c5799.wav,0
d194d19d.wav,4
d197babe.wav,4
d1ab2601.wav,4
d1b72dbe.wav,7
d1ee15b3.wav,37
d1ef1055.wav,4
d2196aad.wav,2
d2ad2076.wav,39
d2b5382b.wav,4
d2cef5b4.wav,16
d2d332ba.wav,16
d2d46bd7.wav,4
d2f15f83.wav,14
d3248fad.wav,4
d3742309.wav,2
d3746aad.wav,2
d38d7ebf.wav,7
d3fa5fa6.wav,7
d40e260e.wav,2
d4477932.wav,37
d46f46a8.wav,4
d495d9a1.wav,16
d4b15d81.wav,7
d4e0f124.wav,1
d5353608.wav,7
d53eaa18.wav,0
d5517596.wav,7
d561817b.wav,21
d56374c5.wav,21
d5637720.wav,9
d5c8c534.wav,0
d5e04458.wav,38
d5ea3aac.wav,2
d5f037a5.wav,38
d6055d26.wav,22
d618ccf7.wav,4
d66d5451.wav,2
d67637cd.wav,16
d6ab0226.wav,0
d6ab45cd.wav,4
d6e5ff07.wav,7
d6fee802.wav,7
d7042a7a.wav,7
d72fb928.wav,2
d740ed81.wav,38
d74a2f49.wav,38
d74d8ad3.wav,16
d77b0d9a.wav,16
d7b3fe53.wav,9
d7b4492c.wav,2
d7b4abcc.wav,21
d7b731c9.wav,37
d7ca9b0c.wav,0
d7dd4152.wav,7
d7ef47aa.wav,7
d7f6b1d6.wav,4
d80b2fa9.wav,2
d80e3d8e.wav,6
d8343470.wav,4
d838c1ac.wav,0
d84c7dba.wav,7
d86a398c.wav,7
d86acdda.wav,29
d875119a.wav,16
d877cbff.wav,29
d89486f1.wav,8
d8a754e9.wav,7
d8f8c95d.wav,2
d919a80d.wav,7
d91b8e49.wav,0
d9218f57.wav,13
d928a8eb.wav,16
d92c5d94.wav,4
d964545f.wav,16
d9807c36.wav,7
d9d2b215.wav,7
d9d900ab.wav,21
d9f1ae39.wav,2
da42c621.wav,2
da49415f.wav,22
da5150cb.wav,4
da543326.wav,4
da909377.wav,4
daad9815.wav,4
dac1b2d3.wav,21
db434d06.wav,39
db7392aa.wav,14
db7c4924.wav,2
db850cb9.wav,16
dbc7d342.wav,38
dbc94176.wav,7
dbd3145c.wav,7
dbd4e519.wav,7
dbd90236.wav,4
dbde9242.wav,33
dc16466b.wav,2
dc7614ee.wav,0
dc8b26b0.wav,14
dca5d770.wav,7
dcaaa99a.wav,7
dcba9f5f.wav,21
dcc30284.wav,2
dcd294f8.wav,7
dce53e37.wav,7
dceaa645.wav,1
dd159e43.wav,4
dd86b006.wav,2
dd9ec945.wav,16
de5c3ebf.wav,4
de65c5b9.wav,16
debd7ead.wav,7
df11e694.wav,4
df5a3843.wav,4
df791b3d.wav,7
df855c2d.wav,2
dfd95f88.wav,2
dff8a9ed.wav,7
e016ff6d.wav,16
e06bfc3d.wav,2
e08fced0.wav,2
e0bfc4ec.wav,16
e0e6a1de.wav,14
e0ee247e.wav,2
e10f3d3d.wav,2
e122ef4b.wav,21
e13193af.wav,4
e14ebc15.wav,21
e1ca89e3.wav,38
e23393b9.wav,0
e2529ad3.wav,16
e25b3e5d.wav,4
e26962f7.wav,7
e269a6c9.wav,28
e26b56a0.wav,37
e291574a.wav,7
e2b9b01a.wav,7
e2ebb0d4.wav,7
e2f1bb44.wav,16
e3181aa6.wav,4
e31ce7b0.wav,16
e3d4b592.wav,0
e41c3eb7.wav,4
e4434129.wav,16
e481fcef.wav,29
e4df8768.wav,2
e5056cab.wav,7
e51cdfca.wav,7
e51d02bc.wav,28
e52b69c9.wav,4
e53745ef.wav,7
e56400fd.wav,38
e57f3c84.wav,14
e5b55482.wav,16
e5f750d1.wav,16
e60b726b.wav,2
e636c796.wav,38
e639dbeb.wav,0
e63b43cc.wav,7
e6776668.wav,4
e68185ea.wav,4
e68bd9bf.wav,36
e6c9f3d1.wav,7
e6e81ed9.wav,2
e6eb9ec4.wav,1
e6f3a19c.wav,21
e73804d6.wav,4
e7393e5a.wav,21
e73f63ba.wav,38
e745da1a.wav,16
e74e3801.wav,7
e77f8846.wav,39
e788f361.wav,2
e78be583.wav,39
e7a1c468.wav,4
e7aea59f.wav,4
e7c37685.wav,4
e7d82f7f.wav,16
e7dfd1f3.wav,11
e7e75f85.wav,14
e807f6d1.wav,4
e8765c32.wav,4
e89089ee.wav,28
e897ad43.wav,4
e89b887e.wav,4
e8cbc59f.wav,2
e8cfeb79.wav,7
e8d22c44.wav,2
e8e6b106.wav,2
e934d467.wav,32
e9431311.wav,39
e9561a4a.wav,2
e9a2745f.wav,0
e9a2e14c.wav,2
e9c3fb83.wav,21
e9d8d110.wav,22
ea042d77.wav,2
ea14cf6b.wav,39
ea3bafcb.wav,7
ea668c6c.wav,14
ea7cda43.wav,4
ea93237c.wav,21
eac9edae.wav,2
eae698ad.wav,21
eafea238.wav,2
eb2f6816.wav,21
eb9ac3d4.wav,16
ebad4ad3.wav,4
ebae0b02.wav,2
ebe4a115.wav,2
ec1ebbbb.wav,21
ec43c2f2.wav,7
ec444504.wav,2
ec6b7228.wav,2
eca83737.wav,0
ecb2bfad.wav,7
ecdfcd76.wav,7
ecfa2db3.wav,2
ed23bba8.wav,21
ed2e9480.wav,7
ed376cdc.wav,15
edafe1b0.wav,16
edb9e802.wav,2
edf614e9.wav,0
edf808a4.wav,21
ee043a5f.wav,7
ee081c32.wav,4
ee15464b.wav,7
ee2807a5.wav,16
ee4117a2.wav,16
ee65f748.wav,7
ee6961b3.wav,0
eea2fb52.wav,8
eea313dc.wav,7
eef082f3.wav,4
ef3b3cc9.wav,7
ef5365c4.wav,4
ef59532a.wav,2
ef67befc.wav,7
ef733ddf.wav,7
efa9dd4c.wav,7
efecc2ff.wav,16
eff45317.wav,16
f0037e36.wav,16
f007bf62.wav,2
f0242b31.wav,7
f0301749.wav,2
f0363725.wav,16
f04b9a80.wav,39
f062c9ee.wav,38
f070faec.wav,4
f095ec4f.wav,29
f09d766d.wav,7
f0a08f6e.wav,7
f0cd3b22.wav,37
f0cd4ff2.wav,21
f1034aef.wav,16
f1067374.wav,38
f10c6630.wav,2
f1198998.wav,14
f175608c.wav,0
f17d7d55.wav,38
f18dc106.wav,7
f1909601.wav,16
f1a9435c.wav,2
f202372a.wav,7
f21d3c2e.wav,4
f222ac0b.wav,0
f26a7d90.wav,2
f27c1378.wav,14
f2ae2b94.wav,38
f2ce1323.wav,0
f330bf67.wav,39
f33acfe4.wav,37
f36cfcb5.wav,37
f37abe8d.wav,4
f395c655.wav,4
f3ac0e7d.wav,16
f3b615ee.wav,0
f3b85215.wav,7
f3c20960.wav,7
f40d9111.wav,21
f42b9f0e.wav,38
f471cb4d.wav,2
f48ca77e.wav,0
f491595c.wav,21
f491aa38.wav,4
f4964493.wav,4
f4ad1785.wav,33
f4af0789.wav,21
f4c4bee1.wav,0
f4deed2a.wav,7
f4f49675.wav,7
f4fa5d90.wav,14
f5311216.wav,1
f5c3bfc2.wav,2
f5d2eea4.wav,2
f5e789e8.wav,38
f600a363.wav,4
f6070929.wav,4
f6200701.wav,7
f62d7d55.wav,2
f659bce2.wav,21
f6c24440.wav,37
f6c75c32.wav,2
f752e0f3.wav,0
f772ac5f.wav,4
f774f554.wav,2
f77827d3.wav,4
f7a95cdc.wav,39
f7aa5dc2.wav,2
f7d72b9c.wav,4
f7dfcdfe.wav,2
f82d07b8.wav,7
f845c487.wav,7
f8a388b3.wav,15
f8aa2c49.wav,4
f8b0345e.wav,4
f8b468f3.wav,21
f8cecc24.wav,21
f8fb3da3.wav,7
f9018d96.wav,7
f9069fa8.wav,7
f90ae625.wav,20
f90cdd57.wav,2
f91203c2.wav,2
f945a3ca.wav,7
f9650e4d.wav,38
f982ef80.wav,38
f9839a14.wav,21
f9cbaee4.wav,7
f9e73570.wav,39
fa140410.wav,2
fa2fa9ae.wav,39
fa3fdf47.wav,21
fa420afc.wav,16
fa53e485.wav,16
fa5d1ac7.wav,21
fa638e20.wav,21
fa9e3dbd.wav,7
faacfbde.wav,7
fac25bd4.wav,28
facf58c7.wav,0
fad93dd0.wav,38
fb3a4935.wav,7
fb3ddaa0.wav,21
fb4aed88.wav,1
fb4b09b1.wav,4
fb5fe58c.wav,7
fb6796ef.wav,7
fb76efa5.wav,0
fb78e8b2.wav,2
fb8c240d.wav,21
fbb11370.wav,0
fbc83b12.wav,1
fbedd7dd.wav,16
fc7b2c2b.wav,7
fca1f035.wav,2
fcccdc54.wav,2
fcd3b624.wav,14
fcdcbccd.wav,16
fd06a41f.wav,21
fd104560.wav,16
fd1f998e.wav,7
fd4b6f1d.wav,2
fd89b0b7.wav,2
fd996293.wav,7
fda3a50e.wav,14
fdb29940.wav,37
fe242bad.wav,21
fe2711fe.wav,4
fe63fd9b.wav,16
fee52af3.wav,0
fef6639c.wav,2
ff3e8bef.wav,7
ff4f75ba.wav,2
ff5285a5.wav,4
ff66d0a1.wav,16
ff70ba03.wav,4
ff81cc5d.wav,1
ff97972c.wav,7
ffae796c.wav,2
ffbe4fbf.wav,2
fff6d073.wav,21
