,fname,label_verified
0,00044347.wav,Hi-hat
2,003b91e8.wav,Cello
5,0075d39c.wav,Keys_jangling
6,00780200.wav,Snare_drum
8,00ad7068.wav,Laughter
11,00c9e799.wav,Oboe
12,00ce569f.wav,Hi-hat
15,00d9fa61.wav,Flute
16,00fbb28b.wav,Chime
19,0120d246.wav,Bus
23,013c3135.wav,Clarinet
24,01506d76.wav,Scissors
25,015cf474.wav,Clarinet
27,017ea24e.wav,Burping_or_eructation
29,0184c390.wav,Cello
30,018863f5.wav,Double_bass
31,018a10bb.wav,Double_bass
36,01a36643.wav,Tambourine
39,01a5dc85.wav,Double_bass
46,02274ee8.wav,Burping_or_eructation
49,0236dccb.wav,Cowbell
52,0259e5d2.wav,Hi-hat
54,0266774c.wav,Cowbell
60,02d7fba3.wav,Double_bass
62,02f8e94d.wav,Clarinet
64,032f7280.wav,Drawer_open_or_close
71,03586ad9.wav,Cowbell
72,03657d6d.wav,Shatter
75,0395ba61.wav,Oboe
76,03bc8fbc.wav,Shatter
77,03cd971f.wav,Cowbell
81,03e88255.wav,Electric_piano
83,03ed9ba8.wav,Oboe
84,03f38c68.wav,Hi-hat
88,0429828b.wav,Fireworks
92,0447d04d.wav,Laughter
94,0450e72b.wav,Oboe
95,04562f7d.wav,Saxophone
101,048fb352.wav,Applause
105,04cce777.wav,Burping_or_eructation
106,04d0cae4.wav,Knock
107,04d33fe7.wav,Shatter
110,0508f1e3.wav,Double_bass
115,05309a38.wav,Snare_drum
123,05d0dfa7.wav,Oboe
124,05d81cdf.wav,Acoustic_guitar
125,05ecefbe.wav,Violin_or_fiddle
126,06006fca.wav,Knock
130,061cf689.wav,Trumpet
131,0627acfa.wav,Cello
133,0640c787.wav,Applause
134,064cfad3.wav,Clarinet
135,065e7bb4.wav,Computer_keyboard
136,066d40f4.wav,Snare_drum
137,06712325.wav,Laughter
141,06a76756.wav,Snare_drum
142,06c1c5c3.wav,Harmonica
143,06d164df.wav,Clarinet
146,06e15d8e.wav,Bass_drum
149,06fd1973.wav,Hi-hat
152,07036b1d.wav,Snare_drum
155,070f52cb.wav,Cello
159,0730a3d8.wav,Acoustic_guitar
165,07605b4c.wav,Bark
167,076b6a7a.wav,Squeak
168,07764530.wav,Oboe
170,079bb1c3.wav,Oboe
171,07a16abd.wav,Tearing
173,07a99531.wav,Oboe
175,07b44e8e.wav,Tambourine
176,07b910ee.wav,Cowbell
180,07f6b1dc.wav,Cello
183,082321d2.wav,Cello
185,085be86f.wav,Tambourine
187,0879e568.wav,Saxophone
189,08893744.wav,Bass_drum
191,08a94aca.wav,Fart
192,08c931f6.wav,Knock
195,08e79547.wav,Bass_drum
196,08fa5140.wav,Clarinet
199,090ea106.wav,Tambourine
204,0969b5c5.wav,Acoustic_guitar
205,096b4d70.wav,Keys_jangling
206,09841f13.wav,Shatter
210,09a355a9.wav,Cough
212,09a732e6.wav,Bass_drum
213,09a7c5ce.wav,Snare_drum
217,09ca1e09.wav,Shatter
218,0a037e96.wav,Fireworks
219,0a0a8d4c.wav,Clarinet
220,0a15b36b.wav,Clarinet
229,0aab722d.wav,Hi-hat
234,0af32053.wav,Oboe
237,0aff3cde.wav,Bass_drum
246,0b5dd555.wav,Double_bass
253,0b80f560.wav,Fart
256,0ba8bcc2.wav,Laughter
258,0bdef4f9.wav,Oboe
260,0be246ba.wav,Double_bass
261,0be52cd7.wav,Bass_drum
262,0bf505c1.wav,Tearing
263,0bfdf35b.wav,Shatter
265,0c118aaa.wav,Electric_piano
270,0c4948ba.wav,Keys_jangling
272,0c6ec89a.wav,Oboe
274,0c9abd6a.wav,Snare_drum
275,0cafd32f.wav,Tambourine
276,0cb7fc83.wav,Gong
277,0cbfebc7.wav,Laughter
278,0cc4c3b7.wav,Finger_snapping
279,0ccf0903.wav,Glockenspiel
281,0cea4550.wav,Clarinet
284,0d0c7375.wav,Bass_drum
285,0d0d1b88.wav,Applause
289,0d3d36f5.wav,Snare_drum
295,0db954fa.wav,Applause
298,0ded93ce.wav,Tambourine
300,0e19ed55.wav,Cowbell
301,0e2fbeb8.wav,Double_bass
305,0e51f1d0.wav,Shatter
306,0e544eb8.wav,Oboe
308,0e630318.wav,Snare_drum
310,0e89fb66.wav,Knock
312,0ea3dbaf.wav,Saxophone
314,0ec012fc.wav,Laughter
315,0ecb56ad.wav,Fart
316,0ee42262.wav,Trumpet
317,0f01e836.wav,Tearing
318,0f18c55b.wav,Fart
319,0f1a5928.wav,Gong
323,0f53ac39.wav,Hi-hat
327,0f72651c.wav,Hi-hat
329,0f936928.wav,Oboe
332,0fb0c2e1.wav,Shatter
333,0fb464cf.wav,Applause
335,0fcdc341.wav,Bus
338,0ff4262d.wav,Snare_drum
341,100009e2.wav,Writing
342,10086933.wav,Double_bass
344,100f6b3f.wav,Shatter
345,102ef2c7.wav,Oboe
349,105f3923.wav,Electric_piano
350,1068cb59.wav,Writing
352,10734a58.wav,Burping_or_eructation
354,10876da8.wav,Trumpet
355,10884a97.wav,Double_bass
356,108e95b3.wav,Clarinet
358,1094232e.wav,Drawer_open_or_close
362,10cf0a2c.wav,Cello
366,11223bbf.wav,Oboe
369,11439cbd.wav,Bark
371,1163de55.wav,Hi-hat
378,118831d9.wav,Cello
379,118e9ae3.wav,Hi-hat
384,11c7778f.wav,Burping_or_eructation
385,11cbc9e1.wav,Tambourine
388,11d9ace9.wav,Gong
389,11df4777.wav,Oboe
394,121110b1.wav,Bus
395,12169b86.wav,Oboe
396,121749b9.wav,Bass_drum
397,122b0e88.wav,Snare_drum
398,12323e04.wav,Cough
401,123d0d60.wav,Snare_drum
403,124eadc9.wav,Bass_drum
404,125e64b7.wav,Knock
405,12a650a4.wav,Fart
407,12d3cdd8.wav,Snare_drum
415,1365348d.wav,Fart
417,1391883f.wav,Bark
418,1397ddc8.wav,Harmonica
419,13b2325b.wav,Oboe
422,13e15a49.wav,Fart
424,13f08982.wav,Burping_or_eructation
425,1401c7ff.wav,Bark
426,141291fc.wav,Hi-hat
430,1441c25b.wav,Clarinet
431,14683a1c.wav,Applause
438,148a199b.wav,Tambourine
439,14a12f6c.wav,Clarinet
441,14c22798.wav,Tambourine
443,14d06c29.wav,Oboe
449,14e27632.wav,Knock
453,14fc31e9.wav,Oboe
455,1516d630.wav,Laughter
458,1541af57.wav,Fart
460,1548d94a.wav,Burping_or_eructation
461,1549bbaf.wav,Clarinet
462,155382a4.wav,Double_bass
464,156dd4a7.wav,Oboe
465,15703034.wav,Snare_drum
467,15b6657d.wav,Hi-hat
469,15cb6baf.wav,Bass_drum
470,15cc274e.wav,Clarinet
471,15d67d1c.wav,Knock
472,15d798df.wav,Bass_drum
475,1601a564.wav,Shatter
477,16127914.wav,Hi-hat
478,161bd007.wav,Bark
479,161be325.wav,Cello
480,161eeade.wav,Oboe
483,16670642.wav,Cough
484,166a1279.wav,Fart
486,16833489.wav,Fireworks
488,169192c3.wav,Computer_keyboard
497,16df86bb.wav,Fart
498,16e47626.wav,Double_bass
500,16ef3c60.wav,Harmonica
504,170946f3.wav,Meow
506,172d7f14.wav,Cowbell
508,174baf55.wav,Laughter
513,1775d5a0.wav,Laughter
515,1787f4e8.wav,Electric_piano
516,17898a27.wav,Cough
518,17b9396e.wav,Applause
525,184ca1c7.wav,Cowbell
526,186311f0.wav,Tambourine
527,18674495.wav,Violin_or_fiddle
535,18e0caac.wav,Cough
536,18ea8f49.wav,Snare_drum
537,18fdc08b.wav,Shatter
543,19341f36.wav,Hi-hat
546,1941b29a.wav,Snare_drum
548,195691e2.wav,Snare_drum
549,1966b87b.wav,Knock
550,1967e2b2.wav,Applause
551,196c8a34.wav,Laughter
553,19965075.wav,Fireworks
554,199b1adf.wav,Cello
555,19a1f537.wav,Double_bass
556,19bc0dbe.wav,Oboe
557,19bf4be6.wav,Tearing
559,19d4a6ad.wav,Harmonica
561,19ec978d.wav,Gong
563,19fe82be.wav,Tearing
564,1a132a81.wav,Writing
569,1a756532.wav,Shatter
572,1a86eff7.wav,Cough
584,1b052de5.wav,Double_bass
585,1b1e809b.wav,Cello
586,1b246359.wav,Laughter
587,1b2d8997.wav,Clarinet
588,1b35f18e.wav,Bass_drum
589,1b3b537f.wav,Knock
594,1b8de009.wav,Fart
595,1b9109be.wav,Clarinet
596,1b9386ef.wav,Clarinet
601,1c0d5682.wav,Gong
602,1c133d0e.wav,Bass_drum
604,1c3b4067.wav,Applause
609,1c590c46.wav,Electric_piano
612,1c8cddc2.wav,Saxophone
616,1cd6919e.wav,Knock
620,1d08bd6d.wav,Applause
622,1d119cfc.wav,Applause
623,1d23c74b.wav,Double_bass
624,1d24518b.wav,Double_bass
627,1d491960.wav,Shatter
628,1d5d63d1.wav,Fart
631,1d95d110.wav,Knock
634,1dbc08fd.wav,Squeak
635,1dc3679a.wav,Laughter
636,1dc66b7b.wav,Hi-hat
639,1df13521.wav,Gong
641,1dfbcb5e.wav,Writing
647,1e66d094.wav,Oboe
649,1e6d0052.wav,Fireworks
650,1e6f1fbe.wav,Oboe
652,1e9c1292.wav,Clarinet
654,1ec8fe10.wav,Fart
656,1ee68efd.wav,Bark
662,1f4c37a7.wav,Bass_drum
665,1f60810c.wav,Shatter
669,1f946a29.wav,Gong
670,1f9b86a0.wav,Cough
675,1fd57590.wav,Tearing
679,1ff2689f.wav,Acoustic_guitar
682,202b6258.wav,Cello
685,206a5cb4.wav,Snare_drum
686,2070133c.wav,Saxophone
688,20889068.wav,Keys_jangling
695,20dafbd4.wav,Knock
697,20e4c3a0.wav,Fart
698,20f13d88.wav,Applause
699,21050515.wav,Shatter
700,210f2580.wav,Knock
702,212463da.wav,Oboe
706,213afdbf.wav,Oboe
709,2146e541.wav,Harmonica
710,2155e5e5.wav,Oboe
714,218f3cc6.wav,Applause
715,21909da5.wav,Keys_jangling
716,219ce296.wav,Drawer_open_or_close
718,21b56eda.wav,Flute
719,21c442db.wav,Tambourine
720,21c8a350.wav,Glockenspiel
722,21d75a3d.wav,Oboe
726,21fbdc6d.wav,Knock
728,22007c10.wav,Knock
729,220a73b7.wav,Double_bass
730,221ee272.wav,Shatter
732,223772e2.wav,Cowbell
733,22384e48.wav,Tambourine
738,226072d9.wav,Squeak
741,22979cf9.wav,Hi-hat
742,229d104f.wav,Tambourine
744,22ab9809.wav,Oboe
745,22ae7fbf.wav,Tearing
746,22b85cd1.wav,Acoustic_guitar
753,23226fdd.wav,Fart
757,234a0656.wav,Laughter
762,2371f627.wav,Bass_drum
763,2372eeb4.wav,Laughter
771,23b6d45c.wav,Cough
774,23c11bee.wav,Applause
777,23f38a7e.wav,Snare_drum
778,23fb24e8.wav,Cowbell
779,240590c8.wav,Shatter
781,242113be.wav,Writing
787,24779e2d.wav,Cough
788,24791b50.wav,Cello
789,2492a915.wav,Burping_or_eructation
791,24a3c430.wav,Burping_or_eructation
792,24addbbc.wav,Fart
796,24e8a804.wav,Bark
800,24f68344.wav,Shatter
802,252227f9.wav,Double_bass
803,253351f1.wav,Bass_drum
805,2539611b.wav,Laughter
807,25511eb8.wav,Harmonica
813,259c3671.wav,Tambourine
814,25a3f8ba.wav,Snare_drum
818,25c11b5d.wav,Knock
819,25c89ec0.wav,Shatter
829,2632db24.wav,Oboe
832,2648b632.wav,Double_bass
834,2659c14c.wav,Saxophone
835,266f287c.wav,Oboe
837,26928361.wav,Cello
840,26a9e392.wav,Applause
842,26b82ff7.wav,Finger_snapping
843,26d8b402.wav,Burping_or_eructation
851,271f6198.wav,Saxophone
852,2722c835.wav,Oboe
853,273f7c4a.wav,Tambourine
856,275b9330.wav,Clarinet
858,276ee568.wav,Hi-hat
860,27869ba5.wav,Snare_drum
861,27870d30.wav,Fireworks
868,27e6d2ac.wav,Violin_or_fiddle
869,27fbb25c.wav,Snare_drum
884,288821ab.wav,Bus
888,28a9502f.wav,Burping_or_eructation
891,28e0f162.wav,Double_bass
893,28ed1ac8.wav,Snare_drum
894,28f3b63c.wav,Cowbell
895,28f5dfd6.wav,Double_bass
898,29076655.wav,Cough
899,290976f9.wav,Flute
901,2933c90e.wav,Snare_drum
903,2939852d.wav,Clarinet
904,2979f92a.wav,Clarinet
905,297e7f77.wav,Snare_drum
906,2987ab41.wav,Gong
907,29a96a60.wav,Writing
908,29d2bf8b.wav,Snare_drum
909,29d5108a.wav,Fart
913,29f2ff7d.wav,Oboe
915,2a069951.wav,Finger_snapping
922,2a5dd0de.wav,Oboe
925,2a905697.wav,Fart
926,2a933c1e.wav,Electric_piano
931,2accbe0b.wav,Oboe
933,2ae34e2b.wav,Laughter
935,2af5749f.wav,Cello
938,2b1ed909.wav,Flute
941,2b4524a7.wav,Electric_piano
942,2b45991a.wav,Tambourine
945,2b6f431f.wav,Laughter
948,2b91a0e6.wav,Shatter
951,2bb58e63.wav,Shatter
953,2bc7287e.wav,Bass_drum
955,2bd764ef.wav,Acoustic_guitar
969,2c735fc5.wav,Oboe
971,2c81e1ce.wav,Applause
977,2ccaafbb.wav,Burping_or_eructation
978,2cd3efb6.wav,Applause
983,2d1a30c9.wav,Bass_drum
985,2d1d4fab.wav,Snare_drum
986,2d336768.wav,Knock
990,2d682737.wav,Snare_drum
992,2d88dcef.wav,Bass_drum
994,2d928ec4.wav,Cough
997,2dad641c.wav,Trumpet
999,2dcca85f.wav,Tambourine
1002,2e10afe3.wav,Fart
1004,2e16c417.wav,Shatter
1006,2e2f1a7e.wav,Double_bass
1007,2e4b39f2.wav,Burping_or_eructation
1009,2e71ecec.wav,Applause
1013,2e992414.wav,Acoustic_guitar
1014,2ea318e7.wav,Violin_or_fiddle
1016,2eb83a0b.wav,Cello
1018,2ee0f61c.wav,Acoustic_guitar
1019,2eeac352.wav,Fireworks
1025,2f5d12f2.wav,Applause
1029,2fec9eb7.wav,Applause
1030,2ffa79a0.wav,Writing
1032,3009e783.wav,Finger_snapping
1035,30206a9c.wav,Shatter
1037,306fd57d.wav,Chime
1038,3078e97f.wav,Clarinet
1039,30819e5e.wav,Laughter
1042,30b7b4e4.wav,Saxophone
1043,30c4e08b.wav,Cello
1045,30cf8557.wav,Oboe
1051,312f1444.wav,Gong
1055,31529bd7.wav,Shatter
1058,315b2236.wav,Tearing
1059,31886d2a.wav,Cello
1061,318f5562.wav,Bass_drum
1062,319044aa.wav,Cowbell
1063,319a7b44.wav,Oboe
1064,319c6220.wav,Acoustic_guitar
1070,31cd8de8.wav,Snare_drum
1074,320aff97.wav,Oboe
1076,3217ac10.wav,Cello
1078,32202199.wav,Shatter
1082,3254c6eb.wav,Fireworks
1084,325b0d6b.wav,Drawer_open_or_close
1086,326b8ed5.wav,Shatter
1087,326c9e9a.wav,Gong
1088,3272e576.wav,Saxophone
1092,32880ae6.wav,Knock
1093,3289db4d.wav,Acoustic_guitar
1094,32b8d28c.wav,Bass_drum
1095,32bbf20f.wav,Cowbell
1096,32c2eb1b.wav,Applause
1100,3300aae9.wav,Double_bass
1102,330f84e3.wav,Hi-hat
1104,332cf451.wav,Burping_or_eructation
1106,3353c983.wav,Oboe
1108,33932af4.wav,Writing
1110,339a95ff.wav,Shatter
1112,33ae49c1.wav,Double_bass
1115,33c062e8.wav,Bass_drum
1117,33d24d85.wav,Snare_drum
1120,33f31906.wav,Oboe
1121,33f5b8da.wav,Bus
1122,33f89f08.wav,Chime
1123,34042ed2.wav,Oboe
1128,34337cf1.wav,Snare_drum
1130,3464ede4.wav,Knock
1138,34a1086e.wav,Tambourine
1139,34b2a4f7.wav,Snare_drum
1140,34b432be.wav,Harmonica
1141,34bb94e8.wav,Fart
1143,34d0a285.wav,Acoustic_guitar
1145,34dd9426.wav,Electric_piano
1148,3505e582.wav,Clarinet
1151,352875e7.wav,Knock
1154,35571af7.wav,Burping_or_eructation
1155,3564bae2.wav,Double_bass
1157,358139e5.wav,Keys_jangling
1158,35844050.wav,Knock
1166,35f6b357.wav,Drawer_open_or_close
1169,36177faa.wav,Bass_drum
1170,3618cb03.wav,Acoustic_guitar
1173,363c41b3.wav,Bass_drum
1175,3649d60c.wav,Flute
1176,365bee4a.wav,Chime
1180,3679b950.wav,Snare_drum
1182,368b7628.wav,Snare_drum
1183,36967fb1.wav,Fireworks
1186,36d2468c.wav,Burping_or_eructation
1187,36e38450.wav,Bass_drum
1191,37319862.wav,Cello
1192,3731f5d2.wav,Cowbell
1193,373763dc.wav,Drawer_open_or_close
1197,376dab91.wav,Snare_drum
1198,3788e6ce.wav,Cowbell
1201,37ab0462.wav,Hi-hat
1202,37ac629d.wav,Cowbell
1209,37f5403f.wav,Cowbell
1211,380048b8.wav,Shatter
1212,38042954.wav,Clarinet
1218,38311105.wav,Keys_jangling
1221,3846f2fa.wav,Double_bass
1222,385c2814.wav,Double_bass
1223,385e9493.wav,Double_bass
1224,386b8fc7.wav,Bus
1225,388093aa.wav,Bark
1227,38852ae1.wav,Applause
1231,38cb633d.wav,Cowbell
1232,38d2e014.wav,Fart
1233,38d30516.wav,Applause
1234,38e16501.wav,Snare_drum
1236,38ee5f4c.wav,Fart
1240,38fddec0.wav,Shatter
1241,390de47b.wav,Bass_drum
1250,39b0f258.wav,Cowbell
1251,39cebcd7.wav,Bass_drum
1252,39d69471.wav,Knock
1254,39ec9cc6.wav,Applause
1255,39eee2a5.wav,Cough
1259,3a0e1a71.wav,Keys_jangling
1262,3a42efbc.wav,Oboe
1263,3a460182.wav,Double_bass
1264,3a48280f.wav,Applause
1267,3a55b826.wav,Writing
1268,3a58a282.wav,Oboe
1271,3a89d0e3.wav,Computer_keyboard
1272,3a90abf3.wav,Applause
1274,3aadc6c2.wav,Bus
1276,3abe8ab2.wav,Applause
1284,3b0b9d26.wav,Clarinet
1286,3b0ed2e4.wav,Bus
1287,3b1d5657.wav,Fireworks
1289,3b577ca2.wav,Snare_drum
1291,3b802d90.wav,Cough
1292,3b842547.wav,Clarinet
1295,3bb61de8.wav,Laughter
1299,3bcb442a.wav,Gong
1303,3be44863.wav,Fart
1306,3bfb1c63.wav,Double_bass
1312,3c239857.wav,Laughter
1313,3c32e5d3.wav,Laughter
1314,3c362989.wav,Fart
1317,3c4631c7.wav,Oboe
1318,3c4762d7.wav,Tearing
1320,3c5bfea2.wav,Acoustic_guitar
1321,3c6610b0.wav,Burping_or_eructation
1322,3c68cd4b.wav,Gong
1324,3c731886.wav,Keys_jangling
1325,3c82d509.wav,Double_bass
1327,3c8dc12d.wav,Clarinet
1328,3c9aa9e8.wav,Applause
1329,3ca538bf.wav,Hi-hat
1330,3ca7fb97.wav,Snare_drum
1333,3cc6911c.wav,Bass_drum
1334,3cd1b8b6.wav,Harmonica
1339,3d314961.wav,Fart
1345,3d795d2a.wav,Cough
1349,3dbb6542.wav,Double_bass
1350,3dbd3ff7.wav,Harmonica
1359,3e326ff4.wav,Fart
1360,3e33282d.wav,Acoustic_guitar
1365,3e4ea67e.wav,Burping_or_eructation
1367,3e5a6eea.wav,Laughter
1369,3e70496c.wav,Bass_drum
1371,3e7b6f14.wav,Tambourine
1375,3ecef0f4.wav,Applause
1378,3ee056f2.wav,Cough
1383,3f3b55e7.wav,Applause
1384,3f3f7481.wav,Bark
1386,3f52541c.wav,Cough
1390,3f6dbc86.wav,Laughter
1392,3f9adde5.wav,Bark
1395,3fac24bb.wav,Oboe
1397,3fc5aa0c.wav,Double_bass
1398,3fd6adb9.wav,Fireworks
1407,405b6af2.wav,Bark
1412,40a93104.wav,Laughter
1413,40b4d48a.wav,Microwave_oven
1422,410b8cc3.wav,Bark
1425,412b75e6.wav,Scissors
1427,413d90c2.wav,Harmonica
1434,41c1f5f8.wav,Oboe
1435,41c4751e.wav,Oboe
1438,420d9b56.wav,Acoustic_guitar
1440,421865a6.wav,Tearing
1446,4245ef44.wav,Hi-hat
1448,4249de71.wav,Laughter
1451,4259555b.wav,Gong
1454,4286d72e.wav,Cowbell
1458,42a718ea.wav,Knock
1473,435160bb.wav,Hi-hat
1474,43671f8b.wav,Laughter
1479,437ccea5.wav,Bass_drum
1481,43a84fec.wav,Applause
1482,43a920c9.wav,Acoustic_guitar
1486,43c5b733.wav,Double_bass
1488,43f58abe.wav,Gong
1489,43ff8df2.wav,Oboe
1495,4430e0ee.wav,Cowbell
1499,44911b70.wav,Meow
1500,44922514.wav,Fart
1502,44b3dad2.wav,Applause
1505,44e26366.wav,Cowbell
1510,450762c4.wav,Tambourine
1512,45175cc0.wav,Acoustic_guitar
1515,4526e386.wav,Laughter
1521,45539540.wav,Computer_keyboard
1523,455aee34.wav,Writing
1524,45665f2e.wav,Hi-hat
1525,4590ba37.wav,Applause
1529,45c077da.wav,Double_bass
1531,45d405ca.wav,Clarinet
1533,45e6e129.wav,Acoustic_guitar
1534,45ea531e.wav,Cough
1536,460d7b62.wav,Tearing
1537,461558c3.wav,Double_bass
1540,4629e77b.wav,Meow
1541,4636fd73.wav,Clarinet
1542,464c651e.wav,Meow
1544,46657625.wav,Flute
1545,46670055.wav,Snare_drum
1546,466a45d5.wav,Writing
1548,467953c6.wav,Double_bass
1552,468226fa.wav,Tambourine
1560,4715f79a.wav,Oboe
1564,476e192f.wav,Shatter
1567,477622b6.wav,Applause
1570,47961d9f.wav,Knock
1573,47d071c1.wav,Shatter
1576,47eafd0d.wav,Saxophone
1578,48158131.wav,Cello
1579,4815fac2.wav,Fart
1580,4819b54b.wav,Fart
1582,482707b3.wav,Shatter
1586,48674fe7.wav,Glockenspiel
1591,48899901.wav,Harmonica
1595,48adfdb2.wav,Tambourine
1597,48ba4a7a.wav,Clarinet
1600,48cfca3e.wav,Applause
1603,48ffd19b.wav,Cello
1606,491c0d87.wav,Fireworks
1607,49223304.wav,Double_bass
1608,49259032.wav,Knock
1610,493a0b43.wav,Burping_or_eructation
1614,4965b412.wav,Fireworks
1616,499d9668.wav,Oboe
1623,49db5254.wav,Bass_drum
1628,49ee90a9.wav,Double_bass
1629,49f6b68a.wav,Tambourine
1632,4a077cd0.wav,Cello
1633,4a084558.wav,Gong
1640,4a70bad0.wav,Laughter
1642,4a729d7a.wav,Shatter
1643,4a789458.wav,Finger_snapping
1645,4a891aae.wav,Knock
1649,4ac4d857.wav,Writing
1650,4ada7042.wav,Laughter
1655,4af8ad50.wav,Fart
1656,4afc5a71.wav,Double_bass
1657,4b090c94.wav,Double_bass
1658,4b0d5239.wav,Clarinet
1662,4b2ef8c7.wav,Harmonica
1663,4b3ee579.wav,Flute
1665,4b606159.wav,Tearing
1666,4b8cb71c.wav,Knock
1667,4b9aadda.wav,Gong
1670,4bb6e82c.wav,Oboe
1672,4bc87056.wav,Snare_drum
1674,4bd7faba.wav,Double_bass
1675,4bfaf9c0.wav,Writing
1676,4bfe8bf9.wav,Oboe
1679,4c173843.wav,Oboe
1684,4c5667a2.wav,Applause
1686,4c5e41ef.wav,Cough
1688,4c63bfe2.wav,Snare_drum
1691,4c789a19.wav,Double_bass
1692,4c80d382.wav,Fireworks
1700,4cbc1a15.wav,Bass_drum
1701,4cc1da2f.wav,Bark
1702,4cc40031.wav,Fireworks
1704,4ce14aa2.wav,Double_bass
1707,4cf82cd1.wav,Double_bass
1708,4cf956a5.wav,Writing
1709,4d08546b.wav,Knock
1715,4d2c6692.wav,Clarinet
1717,4d3d3294.wav,Burping_or_eructation
1719,4d41f847.wav,Cowbell
1721,4d596bea.wav,Bass_drum
1723,4d740ed8.wav,Knock
1725,4d7f8b65.wav,Oboe
1727,4dd5b189.wav,Cowbell
1730,4de60e0b.wav,Fireworks
1734,4df7f919.wav,Finger_snapping
1735,4dfdad9e.wav,Gong
1737,4e11d778.wav,Bass_drum
1739,4e249374.wav,Squeak
1743,4e4b9381.wav,Tearing
1746,4e82d86d.wav,Clarinet
1751,4f02375d.wav,Double_bass
1753,4f2f568c.wav,Fireworks
1754,4f4999f9.wav,Finger_snapping
1755,4f4d865f.wav,Laughter
1757,4f5a5cd7.wav,Meow
1759,4f60abb7.wav,Trumpet
1763,4f910b76.wav,Oboe
1764,4fc6d14d.wav,Clarinet
1766,4fed9012.wav,Burping_or_eructation
1769,5002939d.wav,Electric_piano
1772,50114f75.wav,Knock
1773,50138e49.wav,Acoustic_guitar
1774,501875ef.wav,Snare_drum
1776,5028080f.wav,Bass_drum
1778,503f2dfd.wav,Laughter
1780,504dd043.wav,Cough
1781,505207c3.wav,Oboe
1783,50556530.wav,Tearing
1784,5057d536.wav,Shatter
1789,509755f0.wav,Electric_piano
1798,5116f9b0.wav,Cello
1799,512355a9.wav,Electric_piano
1800,5123bba0.wav,Bass_drum
1803,514710bc.wav,Hi-hat
1805,51623d70.wav,Shatter
1808,51723a64.wav,Cowbell
1812,519b068d.wav,Bark
1815,51bc618d.wav,Applause
1816,51c4cd41.wav,Flute
1818,51edf8ee.wav,Knock
1819,51f845a4.wav,Tearing
1820,51fc52e6.wav,Knock
1826,524dea8d.wav,Applause
1830,5283a183.wav,Bass_drum
1831,5287b30b.wav,Clarinet
1835,52ba1c68.wav,Hi-hat
1837,52e5b888.wav,Laughter
1838,52e8444c.wav,Fireworks
1844,5318e9d2.wav,Fireworks
1846,5323a054.wav,Cough
1849,5343fd1e.wav,Snare_drum
1850,534914d0.wav,Fart
1852,5372a9e5.wav,Drawer_open_or_close
1858,53c716f5.wav,Harmonica
1861,53d5dfdf.wav,Applause
1863,53dda34d.wav,Snare_drum
1865,540dcb37.wav,Cowbell
1866,541793d3.wav,Tearing
1870,544e7a47.wav,Oboe
1871,545574e6.wav,Cowbell
1873,5467ecb4.wav,Tearing
1875,54864b6d.wav,Flute
1882,54b61eec.wav,Bus
1883,54b714ef.wav,Applause
1885,54c20e0a.wav,Double_bass
1886,54c2fdba.wav,Tambourine
1887,54c32b7a.wav,Applause
1890,54f86efe.wav,Hi-hat
1891,54f89ec3.wav,Oboe
1892,54feec8f.wav,Applause
1894,55040d8b.wav,Burping_or_eructation
1895,550cae67.wav,Shatter
1897,5558f338.wav,Fireworks
1903,55a23759.wav,Saxophone
1904,55b2828b.wav,Acoustic_guitar
1905,55b7d572.wav,Double_bass
1906,55c288a5.wav,Oboe
1907,55cb6a50.wav,Fireworks
1908,55df0089.wav,Writing
1909,5604d72a.wav,Clarinet
1910,560977ac.wav,Saxophone
1911,56220972.wav,Snare_drum
1916,5631d60b.wav,Applause
1920,564ebce0.wav,Fart
1922,5666db3a.wav,Gong
1923,567ac6d1.wav,Cough
1925,56a26f01.wav,Shatter
1927,56aacb80.wav,Laughter
1932,56de1a6e.wav,Bass_drum
1935,57024106.wav,Shatter
1937,571f47da.wav,Knock
1938,572bb939.wav,Shatter
1939,57419cc7.wav,Hi-hat
1946,5786b4b8.wav,Snare_drum
1948,578874df.wav,Acoustic_guitar
1958,58650dc4.wav,Bass_drum
1960,58707979.wav,Oboe
1962,589789cb.wav,Oboe
1964,58ba4d53.wav,Tambourine
1966,58caa1a6.wav,Shatter
1973,58ffa1af.wav,Double_bass
1975,591ebd98.wav,Telephone
1976,59317e02.wav,Cough
1977,595c7b54.wav,Laughter
1980,59667f26.wav,Bark
1981,5967bec2.wav,Fireworks
1994,5a53e933.wav,Applause
1995,5a55b3dd.wav,Clarinet
1996,5a5f7fa1.wav,Burping_or_eructation
1997,5a60144f.wav,Saxophone
1999,5a8ac874.wav,Oboe
2001,5a92008e.wav,Clarinet
2002,5aa1eff9.wav,Hi-hat
2003,5aa7d1d3.wav,Applause
2005,5ab5a831.wav,Gong
2006,5abb8f6d.wav,Snare_drum
2007,5abc2cd1.wav,Cough
2009,5abdead3.wav,Saxophone
2010,5adcf9b3.wav,Fart
2011,5af67072.wav,Fireworks
2013,5aff8db8.wav,Oboe
2016,5b0f3bc6.wav,Snare_drum
2018,5b3300e6.wav,Double_bass
2023,5b603445.wav,Burping_or_eructation
2026,5b980c61.wav,Fart
2027,5b9a8b5f.wav,Acoustic_guitar
2028,5bac1638.wav,Bus
2032,5bc35f2c.wav,Shatter
2033,5bcdaa50.wav,Oboe
2034,5bdb30ae.wav,Clarinet
2035,5bf53c2d.wav,Fart
2036,5c029f9f.wav,Fart
2037,5c1521da.wav,Shatter
2041,5c238ad9.wav,Clarinet
2044,5c581093.wav,Bass_drum
2045,5c5df58c.wav,Bus
2050,5c9f2e3d.wav,Snare_drum
2052,5cca8915.wav,Burping_or_eructation
2054,5cde1aa6.wav,Knock
2058,5d025bc2.wav,Flute
2061,5d1e644b.wav,Oboe
2063,5d246b14.wav,Harmonica
2065,5d3a2660.wav,Fart
2066,5d3ae8e3.wav,Keys_jangling
2067,5d4ee93d.wav,Glockenspiel
2068,5d53fe7b.wav,Knock
2071,5d5ea0ea.wav,Clarinet
2073,5d681247.wav,Bass_drum
2076,5d902b1c.wav,Bass_drum
2078,5db43d95.wav,Burping_or_eructation
2080,5dcb880c.wav,Clarinet
2081,5dd6e37d.wav,Applause
2082,5dedf872.wav,Bass_drum
2085,5e04aa68.wav,Cello
2090,5e597f1e.wav,Writing
2092,5e7e75f7.wav,Applause
2094,5e999857.wav,Harmonica
2097,5eabc175.wav,Fart
2098,5ec49ef4.wav,Bark
2101,5f11882f.wav,Fireworks
2103,5f1fadee.wav,Clarinet
2104,5f383659.wav,Computer_keyboard
2107,5f63bbad.wav,Knock
2114,5f95ce73.wav,Bass_drum
2116,5fc120cc.wav,Keys_jangling
2122,5fe4741a.wav,Fart
2123,5fed8602.wav,Laughter
2126,601c44d5.wav,Double_bass
2127,602ca70a.wav,Oboe
2131,604f23cd.wav,Finger_snapping
2132,60531e43.wav,Gong
2133,6064aad0.wav,Fart
2135,608ac00c.wav,Double_bass
2143,6116eaa8.wav,Double_bass
2146,6123a18d.wav,Knock
2148,6159836f.wav,Knock
2149,615bc8fb.wav,Cowbell
2152,61628e3b.wav,Shatter
2155,618cdb7c.wav,Gong
2157,6195b3c5.wav,Snare_drum
2158,619d8d1e.wav,Applause
2163,61ef1c43.wav,Double_bass
2165,62189e25.wav,Cello
2168,623f0124.wav,Cello
2170,62532077.wav,Bass_drum
2173,62716369.wav,Shatter
2176,627e95db.wav,Tambourine
2180,62c30547.wav,Flute
2184,62ef41ab.wav,Cowbell
2185,62ffe8bd.wav,Cowbell
2188,63190691.wav,Tambourine
2189,63222cd2.wav,Double_bass
2190,6325deb1.wav,Fart
2191,632c3aaf.wav,Violin_or_fiddle
2192,632fd5c9.wav,Bass_drum
2194,633a56ad.wav,Burping_or_eructation
2195,636156af.wav,Gong
2196,63820da4.wav,Burping_or_eructation
2198,638ec6c8.wav,Tearing
2200,639cd52b.wav,Applause
2201,63b006f9.wav,Scissors
2202,63b95f33.wav,Keys_jangling
2203,63b9e36a.wav,Double_bass
2206,63cbed9a.wav,Chime
2208,63db2898.wav,Bark
2209,63f4fc0e.wav,Shatter
2211,6412ee13.wav,Bass_drum
2212,641b0096.wav,Finger_snapping
2214,6439679a.wav,Acoustic_guitar
2216,643e4e39.wav,Fireworks
2222,6480dd54.wav,Double_bass
2231,64b2bbce.wav,Snare_drum
2233,64c34adb.wav,Laughter
2234,64c61d9b.wav,Bass_drum
2238,64e4c75b.wav,Bark
2239,64e6b239.wav,Tambourine
2242,650d3361.wav,Glockenspiel
2243,6514d3d3.wav,Bass_drum
2245,652df6f3.wav,Clarinet
2246,654c910e.wav,Clarinet
2251,65997d16.wav,Clarinet
2253,65b8dac7.wav,Cough
2257,65d7c8a6.wav,Oboe
2260,65f60c42.wav,Applause
2263,66127f3f.wav,Writing
2266,6639d6c6.wav,Tambourine
2267,6649f294.wav,Oboe
2268,6657fa9a.wav,Knock
2270,66764deb.wav,Gong
2271,667c75cf.wav,Harmonica
2273,66800b2b.wav,Writing
2275,66895845.wav,Oboe
2276,669b7c46.wav,Squeak
2277,66a159d5.wav,Hi-hat
2279,66af2f72.wav,Bark
2282,66bb1172.wav,Cough
2283,66bcf27e.wav,Double_bass
2284,66c39830.wav,Clarinet
2285,66ccbc5f.wav,Applause
2289,670093d9.wav,Chime
2290,67052549.wav,Fireworks
2292,670ef10d.wav,Snare_drum
2295,674b6f0f.wav,Meow
2296,674fed1f.wav,Laughter
2299,67909683.wav,Acoustic_guitar
2301,67e4e043.wav,Keys_jangling
2302,67eceec7.wav,Double_bass
2307,6835397c.wav,Hi-hat
2308,684e4a9e.wav,Clarinet
2310,685676c5.wav,Writing
2311,685a6077.wav,Gong
2320,68b11a4d.wav,Clarinet
2321,68b4facc.wav,Oboe
2324,68c57a43.wav,Burping_or_eructation
2327,68ef495a.wav,Tambourine
2331,691634cc.wav,Fireworks
2332,6916a023.wav,Shatter
2336,695a6dcb.wav,Snare_drum
2338,696ed9ab.wav,Fart
2340,6999255e.wav,Trumpet
2342,69cadbf5.wav,Flute
2343,69d6d713.wav,Bass_drum
2344,69dad1d3.wav,Burping_or_eructation
2346,69e3060d.wav,Double_bass
2348,69e9d6a0.wav,Cello
2351,69f28d59.wav,Fireworks
2353,69fbf109.wav,Oboe
2354,69fd8eac.wav,Knock
2356,6a09c24b.wav,Acoustic_guitar
2357,6a0a829f.wav,Shatter
2358,6a1f0cc7.wav,Applause
2360,6a34c975.wav,Keys_jangling
2361,6a3bfead.wav,Oboe
2362,6a4276c7.wav,Double_bass
2366,6a64d4a4.wav,Oboe
2367,6a72696a.wav,Snare_drum
2368,6a7c4f15.wav,Cello
2371,6a8efc50.wav,Oboe
2381,6add325a.wav,Writing
2384,6b03607b.wav,Double_bass
2387,6b28b873.wav,Bark
2388,6b33850f.wav,Computer_keyboard
2390,6b6bdc93.wav,Applause
2396,6bddfa9f.wav,Harmonica
2399,6bfe2344.wav,Oboe
2407,6c49d5d5.wav,Gunshot_or_gunfire
2408,6c505bc8.wav,Knock
2409,6c69e1c0.wav,Cowbell
2412,6c84907a.wav,Bark
2414,6c923faa.wav,Oboe
2420,6ce42228.wav,Shatter
2421,6cf01b03.wav,Computer_keyboard
2423,6d10d700.wav,Writing
2424,6d15afe2.wav,Burping_or_eructation
2427,6d4be757.wav,Snare_drum
2431,6d9019ba.wav,Hi-hat
2432,6d9b63eb.wav,Oboe
2434,6da3d596.wav,Shatter
2436,6dc89ee7.wav,Fireworks
2440,6dfd9bac.wav,Clarinet
2443,6e09d1f2.wav,Gong
2444,6e139908.wav,Gong
2450,6e7ff407.wav,Laughter
2451,6e904024.wav,Laughter
2453,6ea22bc2.wav,Saxophone
2455,6eb60c13.wav,Oboe
2458,6eeb7d48.wav,Squeak
2459,6eebda32.wav,Laughter
2461,6f02c591.wav,Saxophone
2462,6f049dbb.wav,Telephone
2463,6f05d010.wav,Burping_or_eructation
2467,6f444e0e.wav,Tambourine
2469,6f484851.wav,Applause
2470,6f8909e7.wav,Burping_or_eructation
2472,6f95f6ee.wav,Double_bass
2474,6fab1f61.wav,Tearing
2477,6fcb552a.wav,Applause
2478,6fce4d13.wav,Oboe
2479,6fdb913f.wav,Acoustic_guitar
2482,6ff78d91.wav,Double_bass
2483,6ffb293d.wav,Computer_keyboard
2484,700f6042.wav,Double_bass
2485,7016103a.wav,Double_bass
2490,707761a4.wav,Knock
2495,7096f946.wav,Cello
2499,70b68ba0.wav,Fart
2500,70c6e930.wav,Applause
2502,70d942a5.wav,Bass_drum
2503,70d986a9.wav,Bus
2506,70f8cdfa.wav,Bass_drum
2507,70f8f833.wav,Applause
2509,70fb6968.wav,Fart
2510,71306d72.wav,Keys_jangling
2514,715acdb3.wav,Hi-hat
2519,71880131.wav,Computer_keyboard
2520,718f1572.wav,Cello
2525,71c7c6da.wav,Cello
2532,7233498a.wav,Clarinet
2534,725e4647.wav,Bass_drum
2535,725eca4f.wav,Oboe
2536,7272509b.wav,Cowbell
2541,72d24b33.wav,Double_bass
2546,733324ef.wav,Double_bass
2550,7366bd51.wav,Cough
2555,73b4bf30.wav,Gunshot_or_gunfire
2558,73d4ea86.wav,Tambourine
2561,74018a88.wav,Trumpet
2563,74259052.wav,Oboe
2564,7436a76c.wav,Saxophone
2565,743c4871.wav,Cough
2566,7445a065.wav,Laughter
2567,7451c631.wav,Bass_drum
2568,74580db9.wav,Fireworks
2569,745bec80.wav,Trumpet
2575,747ca235.wav,Burping_or_eructation
2581,752c7638.wav,Laughter
2585,7573f583.wav,Bass_drum
2586,75850cf4.wav,Gong
2587,7585a0d1.wav,Snare_drum
2589,75916a91.wav,Acoustic_guitar
2590,75923738.wav,Writing
2591,75b62674.wav,Applause
2592,75b6cbcb.wav,Oboe
2594,75e8a2af.wav,Electric_piano
2598,76177729.wav,Snare_drum
2600,765339ec.wav,Bark
2602,766d2f81.wav,Cello
2603,76827c00.wav,Burping_or_eructation
2607,769980e5.wav,Double_bass
2609,76b04ca3.wav,Gong
2610,76b0588a.wav,Saxophone
2612,76cf2e96.wav,Snare_drum
2614,76d5c245.wav,Bus
2617,77083dd5.wav,Gong
2625,77764398.wav,Fart
2631,7804530e.wav,Bass_drum
2632,781adc75.wav,Harmonica
2636,7844453d.wav,Keys_jangling
2638,785eaf77.wav,Snare_drum
2640,78697428.wav,Applause
2641,786e02d0.wav,Laughter
2642,786f6efe.wav,Bass_drum
2647,78b8ab2e.wav,Finger_snapping
2648,78cdcdef.wav,Harmonica
2649,78cf7be3.wav,Double_bass
2650,78ea9935.wav,Shatter
2652,790b0c13.wav,Saxophone
2654,79340af7.wav,Clarinet
2656,7941de54.wav,Burping_or_eructation
2657,7941ec33.wav,Finger_snapping
2658,794a9e40.wav,Fireworks
2659,795e7c4d.wav,Bass_drum
2664,79a50c1d.wav,Shatter
2667,79b31a2e.wav,Trumpet
2668,79b83450.wav,Cowbell
2674,79cc9b98.wav,Meow
2675,79cf0f4b.wav,Snare_drum
2691,7a6d71fc.wav,Meow
2693,7a79b65a.wav,Fart
2702,7aa0da32.wav,Harmonica
2704,7abd44d6.wav,Bass_drum
2706,7abe054d.wav,Gong
2709,7ac9a9bf.wav,Acoustic_guitar
2710,7ad126fa.wav,Bass_drum
2713,7ae92624.wav,Tambourine
2716,7af76555.wav,Oboe
2717,7afbf017.wav,Bark
2718,7b031e22.wav,Glockenspiel
2720,7b27bd7b.wav,Bass_drum
2721,7b2d02d4.wav,Oboe
2723,7b4d4b59.wav,Applause
2725,7b56ddc7.wav,Shatter
2728,7b780fa4.wav,Shatter
2730,7b9a02a0.wav,Laughter
2731,7ba1bf05.wav,Tambourine
2732,7ba42f03.wav,Tambourine
2734,7baee018.wav,Fart
2735,7baf18f6.wav,Clarinet
2741,7c097caf.wav,Tambourine
2747,7c7fea83.wav,Fireworks
2750,7c8baa21.wav,Saxophone
2755,7ca8edbe.wav,Applause
2757,7caea617.wav,Snare_drum
2758,7cbae5c6.wav,Flute
2760,7cd52ca6.wav,Laughter
2765,7d2649b5.wav,Snare_drum
2767,7d28e622.wav,Hi-hat
2769,7d3039a9.wav,Clarinet
2772,7d639c49.wav,Keys_jangling
2775,7d851bc6.wav,Shatter
2780,7dd43a67.wav,Snare_drum
2782,7df9bc8d.wav,Tearing
2783,7e10c7ae.wav,Acoustic_guitar
2789,7e3b2b71.wav,Clarinet
2791,7e498870.wav,Double_bass
2793,7e60cedc.wav,Computer_keyboard
2796,7e6c15c7.wav,Harmonica
2799,7e7c5843.wav,Double_bass
2800,7e85a484.wav,Double_bass
2804,7e956288.wav,Bass_drum
2807,7eb5554e.wav,Bass_drum
2818,7f199dc1.wav,Hi-hat
2822,7f28550a.wav,Applause
2825,7f3e4512.wav,Burping_or_eructation
2832,7f8acf3b.wav,Applause
2834,7fa57f89.wav,Applause
2839,7fd75c5b.wav,Cowbell
2840,7fd9457c.wav,Clarinet
2842,7ff85c01.wav,Bus
2847,80653fbf.wav,Cello
2848,80784970.wav,Violin_or_fiddle
2849,807a24e5.wav,Shatter
2852,809ab667.wav,Gong
2853,80a3da4a.wav,Bark
2854,80bc5ee0.wav,Fart
2862,8104f828.wav,Fart
2864,81337cd8.wav,Double_bass
2868,813ea098.wav,Applause
2871,817b6f59.wav,Oboe
2872,8186d966.wav,Knock
2875,819f0f9d.wav,Cough
2877,81c62db2.wav,Double_bass
2881,81d6c294.wav,Cough
2882,81db9098.wav,Bass_drum
2886,81ef75df.wav,Clarinet
2888,81f0cefe.wav,Double_bass
2894,8245f614.wav,Harmonica
2901,827d48f9.wav,Cough
2902,8284f3a9.wav,Hi-hat
2903,828b5e00.wav,Cough
2904,82906bfa.wav,Shatter
2906,82c4cf74.wav,Snare_drum
2907,82c64894.wav,Fart
2910,82dcb7ef.wav,Violin_or_fiddle
2911,82df2d57.wav,Bass_drum
2912,82ee1adc.wav,Finger_snapping
2915,82f235fc.wav,Drawer_open_or_close
2920,831c3001.wav,Flute
2922,83375e41.wav,Burping_or_eructation
2923,8342e575.wav,Shatter
2929,83953b78.wav,Shatter
2930,8396ddd8.wav,Clarinet
2932,83ad3ffd.wav,Tambourine
2940,84298f51.wav,Tearing
2943,844467e9.wav,Oboe
2944,8473a4d6.wav,Knock
2945,847ffe2b.wav,Shatter
2951,849d97d6.wav,Double_bass
2952,84a7f354.wav,Clarinet
2954,84b379fe.wav,Fart
2955,84c51120.wav,Tearing
2957,84d8c795.wav,Oboe
2958,84e9c4e0.wav,Writing
2962,8536c75e.wav,Burping_or_eructation
2965,85558d98.wav,Laughter
2968,856ef8d7.wav,Double_bass
2972,85a9afc9.wav,Cowbell
2975,85d0c016.wav,Tambourine
2976,85d825f1.wav,Double_bass
2977,85db997c.wav,Oboe
2978,85dc51de.wav,Oboe
2979,85e1bc86.wav,Scissors
2981,85f0bac3.wav,Bus
2982,85fd2b40.wav,Clarinet
2984,86154cb7.wav,Violin_or_fiddle
2992,868db11e.wav,Double_bass
2994,86bb7902.wav,Applause
2999,86f881f3.wav,Double_bass
3000,8708ffe8.wav,Clarinet
3001,87192927.wav,Applause
3004,8755f4f5.wav,Laughter
3005,8767dfe3.wav,Laughter
3006,876cd66b.wav,Meow
3007,876fee0d.wav,Burping_or_eructation
3008,876ff433.wav,Gong
3010,879796a5.wav,Double_bass
3012,87b9435b.wav,Scissors
3016,880c48fa.wav,Acoustic_guitar
3018,882d631c.wav,Knock
3019,884395c9.wav,Shatter
3020,88472317.wav,Tambourine
3025,8865cc0e.wav,Computer_keyboard
3028,888cff5e.wav,Drawer_open_or_close
3029,88928a07.wav,Burping_or_eructation
3031,88e24910.wav,Tambourine
3032,88e99f1c.wav,Applause
3033,88f4eb4d.wav,Bass_drum
3035,892505e9.wav,Double_bass
3037,893427c3.wav,Gong
3041,8952eee3.wav,Laughter
3042,897eed84.wav,Cello
3050,89affc19.wav,Cough
3051,89c2111f.wav,Double_bass
3054,89e2578a.wav,Applause
3055,89e543b0.wav,Laughter
3056,89f13bb9.wav,Bus
3057,89f33989.wav,Clarinet
3058,89f8b625.wav,Tambourine
3059,8a11b736.wav,Laughter
3061,8a3e5147.wav,Clarinet
3064,8a6c6627.wav,Snare_drum
3065,8a739529.wav,Cowbell
3067,8aaada9f.wav,Clarinet
3068,8ad14a86.wav,Hi-hat
3073,8b33f120.wav,Clarinet
3074,8b3be47e.wav,Oboe
3076,8b563f92.wav,Oboe
3079,8b5fbd09.wav,Fart
3081,8b76e49d.wav,Cough
3084,8ba4228c.wav,Shatter
3085,8bace939.wav,Knock
3086,8bc4df93.wav,Clarinet
3090,8bd786e4.wav,Tearing
3094,8bf73516.wav,Trumpet
3095,8bff2f37.wav,Finger_snapping
3096,8c048e36.wav,Gong
3097,8c1a31cf.wav,Applause
3099,8c3697ba.wav,Chime
3106,8c5de0f8.wav,Meow
3110,8c7f9a97.wav,Fart
3111,8c8112f6.wav,Clarinet
3112,8c864a74.wav,Hi-hat
3120,8cfbfd2c.wav,Bass_drum
3121,8d089129.wav,Bark
3122,8d0d7231.wav,Double_bass
3125,8d3fff7f.wav,Gong
3127,8d4a12e6.wav,Trumpet
3130,8d637767.wav,Shatter
3131,8d647117.wav,Clarinet
3132,8d740ee0.wav,Fart
3135,8d7aae4f.wav,Fart
3136,8d7e73e0.wav,Fireworks
3139,8db20ce5.wav,Chime
3140,8dd47439.wav,Trumpet
3141,8dd69b5e.wav,Violin_or_fiddle
3145,8df80bfa.wav,Bass_drum
3146,8dfd2855.wav,Acoustic_guitar
3157,8e4222a4.wav,Knock
3162,8e741321.wav,Shatter
3164,8e985727.wav,Bass_drum
3165,8ea4789f.wav,Bass_drum
3168,8eb59f72.wav,Fireworks
3170,8ef998b5.wav,Burping_or_eructation
3171,8f15c883.wav,Burping_or_eructation
3177,8f4390df.wav,Cello
3178,8f4643d4.wav,Cowbell
3179,8f5d2164.wav,Tambourine
3180,8f5e0b34.wav,Applause
3182,8f6fc115.wav,Clarinet
3186,8fb1b5af.wav,Harmonica
3188,8fda0208.wav,Burping_or_eructation
3190,8fed2993.wav,Shatter
3193,8ffd4ff9.wav,Snare_drum
3194,901370b6.wav,Clarinet
3198,9023308d.wav,Tambourine
3209,90f1b37c.wav,Tambourine
3210,90f1c05d.wav,Bass_drum
3213,91214155.wav,Clarinet
3216,91363087.wav,Burping_or_eructation
3217,914d75e2.wav,Double_bass
3220,9155f4ee.wav,Knock
3223,916a1e9e.wav,Knock
3224,916c8ad4.wav,Glockenspiel
3225,916d0fc4.wav,Oboe
3230,91c86274.wav,Clarinet
3239,9226c06e.wav,Bass_drum
3240,92274098.wav,Laughter
3243,924f77c2.wav,Double_bass
3244,9250b965.wav,Fart
3245,92542588.wav,Burping_or_eructation
3249,928dd75c.wav,Fart
3250,92928711.wav,Hi-hat
3259,9312a465.wav,Saxophone
3262,931c08e4.wav,Fart
3263,931d0d71.wav,Bus
3265,9325ce28.wav,Bark
3266,932d89f6.wav,Cowbell
3267,933db9eb.wav,Applause
3268,9346e7b5.wav,Acoustic_guitar
3269,93471679.wav,Laughter
3273,93a6ff48.wav,Laughter
3280,941948de.wav,Clarinet
3282,9442ce58.wav,Burping_or_eructation
3283,9451faed.wav,Acoustic_guitar
3285,945aa934.wav,Fart
3288,9467a87b.wav,Gong
3289,947e032f.wav,Acoustic_guitar
3290,94871b58.wav,Bus
3292,94b0a4c9.wav,Oboe
3293,94c0bc66.wav,Fart
3295,94c63e80.wav,Cough
3297,9503993d.wav,Double_bass
3301,953073cc.wav,Saxophone
3302,9538d345.wav,Cough
3305,955824f4.wav,Bass_drum
3306,956486a5.wav,Shatter
3307,9569d111.wav,Harmonica
3309,956d90d2.wav,Double_bass
3310,956e0d7b.wav,Applause
3315,95a241e8.wav,Laughter
3317,95bd02b1.wav,Cough
3318,95bdca45.wav,Laughter
3320,95d6a11d.wav,Writing
3324,95f17364.wav,Shatter
3325,95f5d2da.wav,Harmonica
3327,9615da77.wav,Clarinet
3330,962b14bb.wav,Double_bass
3331,963d9280.wav,Burping_or_eructation
3332,96480ba8.wav,Snare_drum
3333,964c6382.wav,Bus
3335,9656f532.wav,Bark
3336,9663a64a.wav,Applause
3337,96721b90.wav,Acoustic_guitar
3338,967e7193.wav,Double_bass
3341,9699feeb.wav,Knock
3344,96bcfc71.wav,Knock
3345,96caac87.wav,Gong
3348,96e5f7c8.wav,Cello
3350,96e9e3e9.wav,Flute
3354,9713a607.wav,Double_bass
3355,97223bf2.wav,Acoustic_guitar
3357,972b92c7.wav,Oboe
3363,977cf8c5.wav,Acoustic_guitar
3364,978e0a19.wav,Applause
3366,97a079d5.wav,Double_bass
3368,97c1f8fe.wav,Harmonica
3371,98155566.wav,Laughter
3373,982ef140.wav,Snare_drum
3375,98541a04.wav,Writing
3376,9863b59b.wav,Cough
3377,986817e9.wav,Oboe
3383,98c69af9.wav,Oboe
3386,98dadc30.wav,Bus
3387,99037a46.wav,Flute
3389,99291c3e.wav,Tambourine
3392,99680597.wav,Bark
3396,99b72d43.wav,Fireworks
3397,99cffa38.wav,Keys_jangling
3400,99e1fe85.wav,Cowbell
3401,99ef0ba9.wav,Laughter
3402,9a07d892.wav,Applause
3404,9a0cf427.wav,Fart
3415,9ad76285.wav,Applause
3420,9b35a012.wav,Tearing
3423,9b3ec9e8.wav,Applause
3425,9b529b99.wav,Applause
3427,9b651a88.wav,Knock
3431,9bccae2b.wav,Applause
3436,9bede6c7.wav,Oboe
3440,9c0a8ebb.wav,Snare_drum
3441,9c0b64c2.wav,Bass_drum
3444,9c452692.wav,Violin_or_fiddle
3445,9c4a2e2c.wav,Applause
3446,9c5309e1.wav,Gong
3449,9c673f64.wav,Shatter
3450,9c87b2a0.wav,Cowbell
3451,9c93f3f0.wav,Tambourine
3452,9ca0bd7a.wav,Violin_or_fiddle
3454,9ca86e5e.wav,Applause
3457,9d0087cd.wav,Double_bass
3459,9d072bbc.wav,Acoustic_guitar
3462,9d26beb5.wav,Applause
3463,9d357630.wav,Oboe
3464,9d362e9a.wav,Applause
3469,9da5d791.wav,Burping_or_eructation
3470,9dac2618.wav,Bass_drum
3471,9dae96ae.wav,Glockenspiel
3473,9deab5af.wav,Laughter
3474,9dec6e79.wav,Harmonica
3475,9df39dac.wav,Gong
3479,9e4a55f7.wav,Hi-hat
3482,9e58e083.wav,Fart
3483,9e6e46bd.wav,Tambourine
3490,9eea6c83.wav,Bass_drum
3493,9ef88864.wav,Fireworks
3494,9f2c9979.wav,Violin_or_fiddle
3498,9f429095.wav,Oboe
3504,9f6c5bb1.wav,Glockenspiel
3505,9f6d8417.wav,Snare_drum
3507,9f76da16.wav,Violin_or_fiddle
3509,9fbd7166.wav,Bass_drum
3510,9fbf994e.wav,Gong
3511,9fcbf5c6.wav,Acoustic_guitar
3512,9fce0a97.wav,Shatter
3513,9fdb5346.wav,Bass_drum
3517,9ffef792.wav,Bass_drum
3520,a018addc.wav,Acoustic_guitar
3522,a02b4a40.wav,Oboe
3523,a031a8a4.wav,Tambourine
3529,a05ffc17.wav,Burping_or_eructation
3530,a0673b37.wav,Applause
3534,a08be6f7.wav,Hi-hat
3537,a0b9f73f.wav,Bass_drum
3540,a0eb3d76.wav,Bark
3542,a10d97b2.wav,Snare_drum
3545,a1173189.wav,Laughter
3546,a11ec8fc.wav,Drawer_open_or_close
3553,a17aeeca.wav,Burping_or_eructation
3559,a1cd36ed.wav,Oboe
3566,a20ca49c.wav,Fart
3570,a22eb75a.wav,Bark
3571,a2310b88.wav,Writing
3572,a23522e9.wav,Tearing
3584,a309ddda.wav,Fireworks
3590,a32266e7.wav,Bass_drum
3592,a342889a.wav,Bass_drum
3593,a34ae758.wav,Fireworks
3594,a34f48d5.wav,Tambourine
3595,a3526374.wav,Acoustic_guitar
3597,a361e509.wav,Gong
3598,a37f2e26.wav,Tambourine
3599,a380267a.wav,Hi-hat
3603,a3b00071.wav,Knock
3604,a3b70491.wav,Laughter
3605,a3b96c0e.wav,Keys_jangling
3607,a3ba9b5a.wav,Electric_piano
3612,a3f5c0a8.wav,Cough
3614,a402ad98.wav,Flute
3616,a4252c0a.wav,Laughter
3619,a439d172.wav,Cello
3620,a43e70af.wav,Hi-hat
3623,a46931cf.wav,Applause
3626,a48c28b0.wav,Clarinet
3629,a4a85573.wav,Applause
3631,a4cf4827.wav,Bass_drum
3639,a53ed8df.wav,Fart
3641,a5447a9a.wav,Cough
3652,a5c78dd5.wav,Shatter
3654,a5d8d2fc.wav,Bass_drum
3656,a5f57993.wav,Hi-hat
3657,a603a2be.wav,Gunshot_or_gunfire
3658,a6066192.wav,Violin_or_fiddle
3661,a614fce9.wav,Cough
3667,a646d10d.wav,Acoustic_guitar
3669,a65951b3.wav,Shatter
3670,a6673e24.wav,Bass_drum
3672,a69beea0.wav,Applause
3673,a6a969e4.wav,Double_bass
3674,a6c083ca.wav,Shatter
3677,a6dcaaac.wav,Shatter
3682,a71b2946.wav,Double_bass
3687,a7556077.wav,Oboe
3689,a77c8c00.wav,Bark
3690,a77e2355.wav,Oboe
3692,a77ebbe0.wav,Harmonica
3694,a7aed271.wav,Oboe
3695,a7d52749.wav,Oboe
3698,a7fa6021.wav,Tearing
3700,a81b45a1.wav,Hi-hat
3705,a85cec71.wav,Cello
3707,a86eda3e.wav,Shatter
3715,a89b3d24.wav,Acoustic_guitar
3716,a89ef4fe.wav,Snare_drum
3717,a8a55a60.wav,Cough
3723,a9201ea2.wav,Tambourine
3730,a9812fbd.wav,Bark
3732,a99fb09d.wav,Oboe
3738,a9ec1624.wav,Violin_or_fiddle
3744,aa4fbedf.wav,Bass_drum
3745,aa521f98.wav,Burping_or_eructation
3746,aa762151.wav,Oboe
3749,aa8cffb9.wav,Electric_piano
3758,aaf1a05c.wav,Tambourine
3762,ab0b97e0.wav,Fireworks
3763,ab11ce4f.wav,Shatter
3765,ab166a21.wav,Clarinet
3768,ab48f302.wav,Laughter
3769,ab64c062.wav,Clarinet
3770,ab67eaf3.wav,Double_bass
3771,ab6bfce9.wav,Meow
3772,ab81b78c.wav,Flute
3775,abca8376.wav,Fireworks
3781,ac010f92.wav,Fart
3782,ac087c83.wav,Double_bass
3789,ac743f85.wav,Oboe
3794,acb7b9d5.wav,Hi-hat
3797,acc53ade.wav,Bass_drum
3801,ace4f283.wav,Oboe
3802,ace77c96.wav,Snare_drum
3803,ace78db8.wav,Bark
3807,ad0c3285.wav,Burping_or_eructation
3810,ad5dc3ef.wav,Cough
3811,ad7a0dd8.wav,Clarinet
3815,adabf1b8.wav,Oboe
3816,adbf981b.wav,Applause
3818,addaadf5.wav,Bass_drum
3820,adf35797.wav,Acoustic_guitar
3821,adf374f7.wav,Applause
3822,adfb7e0b.wav,Shatter
3823,ae0820a8.wav,Double_bass
3824,ae0d9801.wav,Flute
3827,ae26f1af.wav,Double_bass
3829,ae578781.wav,Flute
3831,ae5cabf7.wav,Oboe
3834,ae6dc552.wav,Applause
3835,ae733935.wav,Double_bass
3836,ae76357b.wav,Snare_drum
3837,ae8eee17.wav,Clarinet
3840,ae9fb62c.wav,Oboe
3843,aea6b912.wav,Bass_drum
3846,aecf8744.wav,Acoustic_guitar
3849,aef57ade.wav,Cowbell
3851,aefc0858.wav,Oboe
3853,af1b4a91.wav,Oboe
3854,af26af82.wav,Snare_drum
3856,af37d60f.wav,Snare_drum
3858,af4c4501.wav,Gong
3859,af60b442.wav,Bass_drum
3860,af65e469.wav,Bass_drum
3866,af8b691d.wav,Fireworks
3868,afa00136.wav,Cowbell
3872,afd24fef.wav,Laughter
3873,afdfd283.wav,Gong
3874,afeeaeed.wav,Gong
3875,aff36438.wav,Fireworks
3876,aff53600.wav,Knock
3880,b03249fe.wav,Tearing
3882,b04794e5.wav,Double_bass
3888,b094a923.wav,Clarinet
3890,b0ae2253.wav,Bass_drum
3891,b0b7029b.wav,Cello
3892,b0b844f6.wav,Double_bass
3898,b0fba6dc.wav,Cough
3906,b126f36e.wav,Tambourine
3907,b12bd3a4.wav,Hi-hat
3909,b144653b.wav,Shatter
3910,b14be147.wav,Hi-hat
3914,b16cfcb6.wav,Oboe
3915,b191ac63.wav,Clarinet
3922,b1e56287.wav,Keys_jangling
3923,b1f019c4.wav,Fireworks
3928,b235e178.wav,Clarinet
3930,b243a9f8.wav,Fireworks
3933,b2553a6c.wav,Oboe
3934,b2789d97.wav,Fireworks
3938,b2c3d2d3.wav,Applause
3942,b2dd438a.wav,Snare_drum
3945,b307c487.wav,Keys_jangling
3949,b340e4a2.wav,Knock
3951,b342cc2f.wav,Bass_drum
3953,b3485cc1.wav,Oboe
3954,b34a9fd6.wav,Drawer_open_or_close
3956,b36ddd2a.wav,Double_bass
3957,b386cc78.wav,Finger_snapping
3960,b3935201.wav,Flute
3964,b3ad87ce.wav,Cello
3974,b3fd8174.wav,Fireworks
3976,b41a30cc.wav,Applause
3977,b41d03ad.wav,Bark
3980,b462999a.wav,Double_bass
3981,b469f417.wav,Double_bass
3982,b47d9321.wav,Bus
3983,b47e0c27.wav,Acoustic_guitar
3986,b49f1430.wav,Oboe
3988,b4b91963.wav,Snare_drum
3989,b4c0f699.wav,Fart
3990,b4c63714.wav,Writing
3991,b4c891db.wav,Meow
3992,b4cb57e4.wav,Writing
3994,b4d67950.wav,Snare_drum
3995,b4d78817.wav,Cowbell
3998,b4e50c7d.wav,Cowbell
4001,b50bbfa4.wav,Acoustic_guitar
4002,b51009db.wav,Bus
4005,b5297ed1.wav,Keys_jangling
4006,b5308177.wav,Snare_drum
4007,b53cd227.wav,Laughter
4012,b571b485.wav,Double_bass
4014,b578843d.wav,Clarinet
4015,b58b5f18.wav,Shatter
4016,b59561bd.wav,Double_bass
4018,b5a9e6ce.wav,Acoustic_guitar
4019,b5ba6c8a.wav,Laughter
4020,b5c1c5b5.wav,Double_bass
4021,b5e11334.wav,Saxophone
4023,b5eaf10a.wav,Tambourine
4024,b5eba1b8.wav,Bass_drum
4025,b5ebeb4e.wav,Keys_jangling
4028,b61002b7.wav,Burping_or_eructation
4032,b6383321.wav,Bark
4033,b63a101d.wav,Harmonica
4034,b63eadcd.wav,Computer_keyboard
4035,b64092d2.wav,Burping_or_eructation
4042,b686ea0e.wav,Writing
4044,b6a4a4a6.wav,Hi-hat
4046,b6b58ee3.wav,Saxophone
4049,b6c832c0.wav,Oboe
4050,b6e62c14.wav,Shatter
4054,b71198f4.wav,Applause
4060,b7304231.wav,Drawer_open_or_close
4061,b742c26a.wav,Clarinet
4064,b76c5981.wav,Oboe
4067,b774db41.wav,Oboe
4068,b78704c0.wav,Hi-hat
4069,b79efb34.wav,Tambourine
4071,b7b6af6b.wav,Acoustic_guitar
4074,b7da5229.wav,Bass_drum
4075,b7f0c881.wav,Telephone
4078,b7fb6da1.wav,Harmonica
4079,b7fbbe04.wav,Bark
4080,b7fe0cfc.wav,Applause
4082,b816a73f.wav,Applause
4087,b83dfd41.wav,Bass_drum
4091,b85855ed.wav,Cowbell
4092,b865edb0.wav,Tambourine
4094,b87147ff.wav,Fart
4096,b88307d9.wav,Hi-hat
4098,b8ad1645.wav,Cough
4102,b8ba7a1b.wav,Writing
4103,b8c35029.wav,Oboe
4106,b8faefde.wav,Bass_drum
4107,b90c2e7a.wav,Laughter
4110,b91f95e0.wav,Tearing
4117,b9920667.wav,Trumpet
4119,b9b4cdeb.wav,Double_bass
4121,b9e871db.wav,Gong
4125,ba1506ca.wav,Keys_jangling
4126,ba1cc479.wav,Snare_drum
4127,ba28cb0a.wav,Oboe
4128,ba28ee8c.wav,Oboe
4129,ba2d4593.wav,Oboe
4132,ba611145.wav,Shatter
4136,ba849862.wav,Clarinet
4140,ba9a7b0f.wav,Bass_drum
4142,baaf8e25.wav,Double_bass
4143,bac10b23.wav,Trumpet
4144,bac94c1b.wav,Applause
4149,bb0f5596.wav,Clarinet
4151,bb148385.wav,Double_bass
4152,bb1997bb.wav,Tearing
4154,bb20a69e.wav,Tambourine
4155,bb2d0dc5.wav,Snare_drum
4156,bb3ba367.wav,Applause
4159,bb43b1db.wav,Tambourine
4161,bb495a62.wav,Cough
4162,bb4bc929.wav,Double_bass
4163,bb4e4f47.wav,Bass_drum
4167,bb5cd4e6.wav,Gong
4170,bb6bfbd7.wav,Applause
4171,bb6c7c46.wav,Double_bass
4172,bb7107fb.wav,Tambourine
4176,bbb2eb98.wav,Applause
4177,bbbf4455.wav,Clarinet
4182,bc10442c.wav,Clarinet
4183,bc156515.wav,Double_bass
4184,bc192c1b.wav,Applause
4188,bc390f06.wav,Oboe
4189,bc407917.wav,Applause
4192,bc6d6ca0.wav,Double_bass
4196,bcd0a32d.wav,Oboe
4202,bd0ccf17.wav,Laughter
4204,bd1e5a45.wav,Double_bass
4205,bd20583e.wav,Violin_or_fiddle
4210,bd50b440.wav,Burping_or_eructation
4213,bd7a095a.wav,Double_bass
4214,bd8038f5.wav,Snare_drum
4215,bda5299c.wav,Applause
4220,be0a1180.wav,Hi-hat
4226,be27070e.wav,Clarinet
4235,be8920cb.wav,Laughter
4238,be93e48b.wav,Double_bass
4249,bf0d0b86.wav,Applause
4251,bf1103ee.wav,Scissors
4255,bf3bd60f.wav,Laughter
4264,bf939cb3.wav,Knock
4265,bf9c7ab9.wav,Writing
4266,bfa912af.wav,Shatter
4267,bfad4e3c.wav,Fart
4269,bfdc857c.wav,Writing
4270,bfe47c66.wav,Bass_drum
4274,bfeccbbd.wav,Cello
4275,bffc0cc1.wav,Hi-hat
4282,c01ea334.wav,Writing
4283,c0236eea.wav,Telephone
4288,c0721238.wav,Oboe
4290,c07686fc.wav,Double_bass
4296,c0a44162.wav,Bass_drum
4299,c0e26ff9.wav,Double_bass
4302,c0f0bd66.wav,Chime
4309,c128f880.wav,Electric_piano
4313,c1316531.wav,Acoustic_guitar
4315,c14ea138.wav,Gunshot_or_gunfire
4316,c151663f.wav,Double_bass
4324,c1df01c2.wav,Snare_drum
4325,c1e4b445.wav,Oboe
4328,c1ebbbef.wav,Shatter
4329,c1ec5ecb.wav,Oboe
4330,c1ef4c1b.wav,Bass_drum
4339,c28aa7d0.wav,Writing
4340,c2925528.wav,Hi-hat
4341,c2936c77.wav,Harmonica
4342,c294590a.wav,Clarinet
4343,c297a4c1.wav,Applause
4344,c29fe4f2.wav,Double_bass
4349,c2c520a3.wav,Hi-hat
4352,c2faa1c6.wav,Acoustic_guitar
4354,c303ae70.wav,Tearing
4356,c33a994b.wav,Laughter
4359,c3414228.wav,Bass_drum
4360,c34853a8.wav,Trumpet
4361,c35a836b.wav,Writing
4363,c35b66a2.wav,Fireworks
4367,c37a2e95.wav,Shatter
4368,c382db92.wav,Laughter
4369,c3846bb1.wav,Bass_drum
4370,c3852c31.wav,Oboe
4374,c3c37892.wav,Drawer_open_or_close
4375,c3c4fc41.wav,Bark
4376,c3dc55ab.wav,Cello
4380,c3ff82f0.wav,Writing
4382,c4205b3b.wav,Cello
4383,c42136fb.wav,Cello
4393,c4905e49.wav,Snare_drum
4395,c49dc2a8.wav,Fart
4397,c4b824fb.wav,Snare_drum
4398,c4bb507c.wav,Laughter
4400,c4dd5249.wav,Bass_drum
4403,c4ff751a.wav,Computer_keyboard
4405,c51a8fe2.wav,Acoustic_guitar
4406,c51aa5ef.wav,Cowbell
4407,c51c58c7.wav,Electric_piano
4409,c52cbdc5.wav,Drawer_open_or_close
4416,c5679e30.wav,Fireworks
4421,c5b841af.wav,Gong
4422,c5b9391c.wav,Double_bass
4423,c5bcc937.wav,Applause
4424,c5d4f690.wav,Fart
4425,c5d7ce42.wav,Snare_drum
4426,c5d965d5.wav,Snare_drum
4427,c5e33ef4.wav,Trumpet
4428,c5ed3023.wav,Tearing
4432,c5fd5393.wav,Tambourine
4438,c63f6883.wav,Flute
4442,c6831568.wav,Double_bass
4443,c684afce.wav,Snare_drum
4444,c6a138c3.wav,Double_bass
4445,c6b3f234.wav,Bass_drum
4446,c6c921c2.wav,Applause
4448,c6ecb1b7.wav,Glockenspiel
4451,c71a719a.wav,Knock
4453,c733c3c7.wav,Applause
4454,c73df634.wav,Computer_keyboard
4455,c740ceda.wav,Knock
4457,c74ea973.wav,Double_bass
4459,c76af351.wav,Electric_piano
4461,c7969289.wav,Laughter
4462,c79ea85e.wav,Drawer_open_or_close
4466,c7bd4545.wav,Tambourine
4470,c7d4ac63.wav,Fireworks
4472,c80318e0.wav,Bass_drum
4474,c819e380.wav,Drawer_open_or_close
4476,c82722e0.wav,Flute
4480,c835e32a.wav,Cello
4482,c83c23ce.wav,Clarinet
4483,c84df40e.wav,Double_bass
4485,c861de30.wav,Bus
4490,c8926980.wav,Applause
4493,c8b3be94.wav,Fart
4497,c8ca25cc.wav,Laughter
4499,c8dc63a5.wav,Burping_or_eructation
4500,c8e6711d.wav,Hi-hat
4505,c8fbc442.wav,Burping_or_eructation
4514,c958f003.wav,Snare_drum
4516,c9878f14.wav,Oboe
4518,c9a1c2b7.wav,Cello
4521,c9bdeeb3.wav,Clarinet
4524,c9f4878c.wav,Double_bass
4527,ca3c0cb8.wav,Tambourine
4529,ca584ccc.wav,Meow
4531,ca620976.wav,Shatter
4532,ca75e9c3.wav,Keys_jangling
4534,ca7f64c6.wav,Bass_drum
4536,ca8f6790.wav,Knock
4537,ca940fe4.wav,Fart
4538,ca947135.wav,Cello
4540,caa629ea.wav,Laughter
4542,cab2b1cb.wav,Laughter
4543,cac12dc3.wav,Bass_drum
4545,caeb0894.wav,Gong
4546,cb011638.wav,Laughter
4553,cb8022d1.wav,Clarinet
4554,cb943e69.wav,Snare_drum
4555,cba78947.wav,Double_bass
4556,cbc52dce.wav,Cowbell
4557,cbcc8197.wav,Cowbell
4568,cc559ca0.wav,Microwave_oven
4569,cc5662e7.wav,Flute
4570,cc60a261.wav,Burping_or_eructation
4572,cc6a0e3f.wav,Meow
4573,cc706d6c.wav,Hi-hat
4574,cc7dc6fa.wav,Cello
4577,cc93c704.wav,Bass_drum
4578,cc99880a.wav,Harmonica
4579,cc9ddcf7.wav,Cello
4583,cccd5be2.wav,Flute
4585,cce06a6e.wav,Applause
4589,cd40bd32.wav,Clarinet
4590,cd4ddf0e.wav,Gong
4591,cd4f2689.wav,Finger_snapping
4594,cd5562d2.wav,Double_bass
4597,cda1ce11.wav,Hi-hat
4601,cdb982ca.wav,Laughter
4610,ce206b9d.wav,Oboe
4611,ce21d830.wav,Meow
4612,ce285598.wav,Flute
4613,ce3453bc.wav,Bark
4616,ce55ed9f.wav,Bass_drum
4622,ce85f672.wav,Oboe
4626,cea12d19.wav,Applause
4631,cee316e2.wav,Bass_drum
4633,cf048634.wav,Applause
4634,cf20556b.wav,Acoustic_guitar
4635,cf2343c6.wav,Acoustic_guitar
4636,cf2877fe.wav,Double_bass
4638,cf59ffba.wav,Snare_drum
4640,cf810e55.wav,Double_bass
4642,cfa98877.wav,Gong
4647,cfbededb.wav,Oboe
4650,cfccd445.wav,Computer_keyboard
4651,cfcf57f8.wav,Clarinet
4654,cfdbf38b.wav,Hi-hat
4662,d0160c41.wav,Knock
4663,d01af3cd.wav,Cough
4665,d0219079.wav,Clarinet
4666,d0232e7e.wav,Shatter
4669,d038c1e3.wav,Acoustic_guitar
4670,d04475f7.wav,Double_bass
4674,d09ef2c7.wav,Fart
4676,d0a7e96a.wav,Laughter
4677,d0ac8e53.wav,Glockenspiel
4678,d0db322f.wav,Applause
4679,d0de08ca.wav,Bass_drum
4682,d103891d.wav,Snare_drum
4684,d112acaa.wav,Knock
4686,d125ceaf.wav,Squeak
4692,d144094e.wav,Shatter
4696,d1584db4.wav,Glockenspiel
4698,d1794b39.wav,Tearing
4706,d1d3f21e.wav,Keys_jangling
4707,d1f09f31.wav,Knock
4708,d1fe974e.wav,Bark
4709,d2012499.wav,Clarinet
4715,d245ed75.wav,Cello
4718,d252a893.wav,Finger_snapping
4719,d2584fbf.wav,Harmonica
4722,d270f595.wav,Clarinet
4726,d289bfbb.wav,Fireworks
4727,d2988b36.wav,Shatter
4730,d2b195bb.wav,Clarinet
4732,d2d75dcb.wav,Keys_jangling
4735,d32dbb8c.wav,Applause
4739,d356b7a6.wav,Double_bass
4740,d3582a01.wav,Acoustic_guitar
4745,d390f367.wav,Double_bass
4748,d3a64b56.wav,Double_bass
4750,d3bc4ae0.wav,Tambourine
4752,d3e208a6.wav,Shatter
4753,d3e8fa8a.wav,Electric_piano
4754,d3fe92d2.wav,Double_bass
4758,d493032f.wav,Burping_or_eructation
4768,d4e0c1e5.wav,Oboe
4769,d4e2461a.wav,Tambourine
4770,d4ee5722.wav,Burping_or_eructation
4772,d4f2665e.wav,Tearing
4775,d53bad3b.wav,Cowbell
4781,d57b2cb8.wav,Bark
4782,d57f368b.wav,Double_bass
4785,d5c91a5f.wav,Fireworks
4787,d5dff3c3.wav,Oboe
4792,d6333945.wav,Trumpet
4799,d665021b.wav,Bass_drum
4801,d6728aa4.wav,Laughter
4802,d67488ea.wav,Shatter
4803,d67a9e5a.wav,Bass_drum
4804,d681e33e.wav,Computer_keyboard
4805,d68fec49.wav,Meow
4806,d69193eb.wav,Oboe
4807,d698b6bd.wav,Snare_drum
4810,d6b32ecc.wav,Bass_drum
4811,d6be6437.wav,Oboe
4815,d6ff6f09.wav,Bark
4816,d7050320.wav,Double_bass
4817,d7137371.wav,Clarinet
4818,d71cc17c.wav,Shatter
4820,d729c959.wav,Oboe
4821,d72d685c.wav,Meow
4823,d73be9a6.wav,Cowbell
4825,d760f427.wav,Cowbell
4830,d7aae6fd.wav,Bus
4834,d7baee61.wav,Burping_or_eructation
4843,d8470cab.wav,Laughter
4847,d862ea18.wav,Bass_drum
4851,d88d255d.wav,Bass_drum
4854,d89150d5.wav,Laughter
4857,d8dd0e6a.wav,Gong
4859,d8fdb740.wav,Scissors
4861,d906e3c1.wav,Applause
4863,d920e1dc.wav,Laughter
4864,d9261ff8.wav,Applause
4865,d92e7d4c.wav,Applause
4866,d948c8f8.wav,Oboe
4867,d94f825c.wav,Snare_drum
4870,d9694db2.wav,Snare_drum
4873,d97cff9c.wav,Harmonica
4875,d98e6689.wav,Clarinet
4876,d9a5f307.wav,Snare_drum
4879,d9b38f26.wav,Meow
4883,d9d7c94d.wav,Bass_drum
4884,d9dbc871.wav,Applause
4885,d9de309a.wav,Fireworks
4888,d9f75b52.wav,Gong
4890,da057fa2.wav,Oboe
4895,da3bca6e.wav,Cowbell
4897,da4b0502.wav,Cowbell
4898,da6b010f.wav,Acoustic_guitar
4899,da7951f3.wav,Oboe
4900,da816a2f.wav,Knock
4903,da8b8b06.wav,Cello
4907,dac0a960.wav,Double_bass
4909,dad5f277.wav,Fart
4911,daf478bb.wav,Double_bass
4914,db12b54a.wav,Tambourine
4915,db2ef72e.wav,Writing
4916,db32e67b.wav,Shatter
4921,db68b704.wav,Violin_or_fiddle
4925,db810d76.wav,Applause
4928,dba08cf8.wav,Bass_drum
4931,dbc6d76e.wav,Laughter
4932,dbe33088.wav,Bark
4933,dc159b76.wav,Clarinet
4940,dc5b2215.wav,Double_bass
4941,dc6073c8.wav,Applause
4945,dca577c5.wav,Oboe
4947,dcb908ef.wav,Fart
4955,dd5411fe.wav,Double_bass
4957,dd70a377.wav,Bass_drum
4959,dd797237.wav,Bark
4961,dd9d2fc1.wav,Applause
4962,ddaa3f26.wav,Burping_or_eructation
4963,ddaccdb7.wav,Saxophone
4967,ddccdd57.wav,Gong
4969,ddd78964.wav,Tambourine
4972,dde4bb79.wav,Double_bass
4974,de0131f0.wav,Clarinet
4976,de270492.wav,Fireworks
4978,de361d49.wav,Tearing
4980,de4a8fc0.wav,Bass_drum
4981,de4cbf74.wav,Fireworks
4986,de7d1f2a.wav,Applause
4990,de8f65a2.wav,Fart
4993,deb2681b.wav,Cello
5001,df003f06.wav,Oboe
5004,df1d8082.wav,Knock
5005,df39e2d0.wav,Oboe
5007,df462a16.wav,Oboe
5011,df7593da.wav,Cowbell
5012,df75d2e7.wav,Double_bass
5016,df976153.wav,Fart
5018,dfb39975.wav,Laughter
5021,dfd03330.wav,Writing
5024,e0039925.wav,Fart
5029,e0681ca8.wav,Oboe
5031,e072c537.wav,Bass_drum
5034,e092649c.wav,Bus
5036,e095f5a6.wav,Shatter
5038,e09cc30b.wav,Clarinet
5041,e0c8cab1.wav,Oboe
5042,e0c92985.wav,Double_bass
5043,e0d21768.wav,Tearing
5044,e0d32883.wav,Laughter
5045,e0f630f5.wav,Shatter
5051,e151f769.wav,Snare_drum
5054,e158fd40.wav,Cough
5056,e1957c8c.wav,Fart
5060,e1a65dc5.wav,Snare_drum
5061,e1b3437f.wav,Oboe
5065,e1c7636a.wav,Bark
5066,e1ca74f4.wav,Shatter
5068,e1ea6c83.wav,Tambourine
5069,e1fd95d5.wav,Cowbell
5074,e21049af.wav,Oboe
5076,e2327aef.wav,Bass_drum
5078,e2420b24.wav,Computer_keyboard
5081,e262d05e.wav,Clarinet
5082,e2631f57.wav,Knock
5085,e2983e51.wav,Oboe
5086,e2a54f43.wav,Shatter
5088,e2b2903e.wav,Oboe
5096,e2e24e19.wav,Bass_drum
5099,e3086961.wav,Saxophone
5101,e3278076.wav,Applause
5102,e32d8a78.wav,Fart
5110,e3502f48.wav,Fireworks
5111,e351c7c7.wav,Glockenspiel
5113,e3818090.wav,Fart
5115,e3a8785c.wav,Bass_drum
5117,e3bf6148.wav,Electric_piano
5119,e3dc8406.wav,Laughter
5120,e3f49d2d.wav,Applause
5121,e405005f.wav,Tambourine
5125,e456c25e.wav,Trumpet
5127,e46f13a0.wav,Shatter
5134,e4a7689a.wav,Tambourine
5138,e4c5d6e5.wav,Tambourine
5139,e4d3dad6.wav,Gong
5145,e512b102.wav,Bass_drum
5149,e54a048a.wav,Laughter
5151,e5639c51.wav,Clarinet
5153,e596d889.wav,Acoustic_guitar
5154,e59c5fca.wav,Fart
5156,e5e0718b.wav,Double_bass
5157,e5e1fa30.wav,Cough
5160,e5ef472e.wav,Cowbell
5161,e5fb3705.wav,Writing
5163,e61bb5ac.wav,Tambourine
5164,e61c41dc.wav,Oboe
5166,e6376b1e.wav,Tambourine
5167,e65d5fd1.wav,Clarinet
5169,e66a1762.wav,Oboe
5172,e681f644.wav,Shatter
5173,e6860991.wav,Oboe
5175,e69abce6.wav,Fireworks
5177,e6a72f99.wav,Violin_or_fiddle
5179,e6d2a47c.wav,Bark
5182,e702cea1.wav,Drawer_open_or_close
5184,e70e5619.wav,Double_bass
5186,e71cde85.wav,Clarinet
5190,e748539a.wav,Double_bass
5191,e74ed033.wav,Applause
5194,e75e0350.wav,Drawer_open_or_close
5197,e7652e6c.wav,Harmonica
5198,e76ddb8c.wav,Cough
5199,e772d204.wav,Fart
5200,e78b6283.wav,Oboe
5204,e7ac44d0.wav,Bark
5207,e7bf4291.wav,Double_bass
5214,e81a0e3d.wav,Laughter
5215,e81dd3c0.wav,Cough
5218,e8453e75.wav,Bass_drum
5219,e84e08a8.wav,Knock
5224,e86bee0a.wav,Bass_drum
5226,e87e8024.wav,Shatter
5228,e887fb05.wav,Knock
5230,e8b24092.wav,Gong
5233,e8dee9ee.wav,Shatter
5236,e8fbaaf7.wav,Gong
5238,e9042c36.wav,Fart
5241,e92079c2.wav,Clarinet
5242,e920cbbb.wav,Clarinet
5247,e93bd6e5.wav,Applause
5248,e9566ccd.wav,Double_bass
5250,e96f3298.wav,Clarinet
5252,e97e4eef.wav,Bark
5253,e991477f.wav,Tearing
5257,e9c42b56.wav,Shatter
5258,e9c76647.wav,Tambourine
5259,e9cb8fb6.wav,Acoustic_guitar
5267,ea31f6ba.wav,Bass_drum
5270,ea46b8e6.wav,Oboe
5272,ea4bb0ac.wav,Clarinet
5273,ea4bd189.wav,Writing
5274,ea4ce158.wav,Gong
5277,ea6fc0e0.wav,Bass_drum
5278,ea907f35.wav,Burping_or_eructation
5279,ea9fc5ca.wav,Oboe
5282,ead3dd15.wav,Tearing
5283,ead4ea8c.wav,Writing
5284,eaec18a5.wav,Clarinet
5286,eb0032b5.wav,Cowbell
5291,eb297ef6.wav,Fart
5292,eb38de0a.wav,Glockenspiel
5296,eb4e83d3.wav,Saxophone
5298,eb51e8e4.wav,Bus
5300,eb521401.wav,Clarinet
5304,eb9f5d2d.wav,Bus
5309,ebdcf349.wav,Cello
5312,ebf9a82b.wav,Applause
5315,ec0f36da.wav,Snare_drum
5316,ec126d93.wav,Glockenspiel
5319,ec48ca73.wav,Cough
5320,ec6c5ac7.wav,Keys_jangling
5321,ec76d436.wav,Oboe
5323,ec7c9d41.wav,Laughter
5324,ec88f050.wav,Drawer_open_or_close
5325,ec89c299.wav,Fireworks
5327,ec988f2f.wav,Burping_or_eructation
5331,ecb42569.wav,Oboe
5333,ecba0d5b.wav,Knock
5334,ecc4f86e.wav,Shatter
5336,eccca225.wav,Fireworks
5337,ecdca691.wav,Shatter
5338,ecdcc71c.wav,Bass_drum
5339,ece62f3a.wav,Burping_or_eructation
5347,ed2a698b.wav,Writing
5348,ed3bb289.wav,Acoustic_guitar
5350,ed5caa7c.wav,Saxophone
5352,ed6377ba.wav,Knock
5354,ed941e89.wav,Cello
5355,ed977683.wav,Burping_or_eructation
5357,edae9f54.wav,Flute
5360,ee1529d2.wav,Cello
5366,ee319540.wav,Applause
5371,ee617055.wav,Burping_or_eructation
5372,ee6731df.wav,Laughter
5373,ee731e7b.wav,Cowbell
5374,ee7f82f8.wav,Bass_drum
5375,ee9b3800.wav,Snare_drum
5378,eeada8ae.wav,Fireworks
5379,eeb6f911.wav,Laughter
5380,eec19955.wav,Tambourine
5385,eeeed810.wav,Gong
5388,ef2a0b91.wav,Cowbell
5390,ef52838f.wav,Gunshot_or_gunfire
5391,ef57bfce.wav,Laughter
5394,ef5bb712.wav,Applause
5395,ef5f80bb.wav,Acoustic_guitar
5397,ef7e58e3.wav,Bass_drum
5401,ef9fcee9.wav,Tambourine
5404,efc1953d.wav,Clarinet
5405,efce5a52.wav,Oboe
5410,effc853d.wav,Oboe
5411,effd020c.wav,Clarinet
5412,f00fcd65.wav,Knock
5417,f0591dce.wav,Fireworks
5421,f08d2ce5.wav,Cough
5422,f09701aa.wav,Cowbell
5423,f0a466a1.wav,Bus
5427,f0f17a5c.wav,Double_bass
5428,f0f48b44.wav,Cello
5429,f1033230.wav,Bass_drum
5433,f1119913.wav,Bass_drum
5436,f1403f83.wav,Clarinet
5438,f1562014.wav,Hi-hat
5439,f1573152.wav,Snare_drum
5444,f1b9def1.wav,Fireworks
5449,f1ef90d8.wav,Burping_or_eructation
5450,f1f2305d.wav,Oboe
5456,f2331998.wav,Writing
5458,f244e1e2.wav,Oboe
5462,f256d891.wav,Bark
5465,f27b0ad6.wav,Keys_jangling
5466,f27be964.wav,Tambourine
5469,f2ae390e.wav,Clarinet
5470,f2b4c217.wav,Oboe
5471,f2bf6305.wav,Applause
5476,f2e0da57.wav,Cowbell
5477,f2ed2975.wav,Keys_jangling
5479,f3095fdd.wav,Cough
5480,f3149175.wav,Laughter
5482,f34be464.wav,Drawer_open_or_close
5484,f372fa34.wav,Electric_piano
5487,f3a86d4e.wav,Bass_drum
5488,f3affcf1.wav,Applause
5491,f3e9dea4.wav,Double_bass
5492,f3fa8b78.wav,Bass_drum
5493,f3fe12a9.wav,Fart
5496,f414ddd9.wav,Shatter
5497,f42056cc.wav,Double_bass
5502,f45f6503.wav,Burping_or_eructation
5504,f466f9b6.wav,Applause
5505,f473c228.wav,Laughter
5507,f49e4644.wav,Tambourine
5510,f4bb41d1.wav,Shatter
5516,f4ef15ee.wav,Bass_drum
5517,f4f82407.wav,Hi-hat
5522,f539233e.wav,Chime
5524,f5729f4f.wav,Snare_drum
5525,f5735045.wav,Hi-hat
5527,f59e2463.wav,Microwave_oven
5529,f5be89e1.wav,Knock
5532,f5cd8dff.wav,Applause
5534,f5d44b62.wav,Bass_drum
5536,f5fb5cd1.wav,Oboe
5537,f5fe6b2e.wav,Knock
5538,f60bcf59.wav,Snare_drum
5541,f624e165.wav,Cello
5542,f6255d95.wav,Oboe
5545,f632789d.wav,Snare_drum
5550,f65eead2.wav,Writing
5552,f67bf992.wav,Burping_or_eructation
5562,f6d87057.wav,Cowbell
5565,f6f1d171.wav,Cowbell
5566,f71056a8.wav,Acoustic_guitar
5569,f71d345f.wav,Fart
5574,f73cbdd5.wav,Fart
5576,f7456b98.wav,Oboe
5581,f77025c7.wav,Fart
5582,f77419c7.wav,Fart
5584,f776ef0d.wav,Trumpet
5585,f78b96bc.wav,Cough
5591,f7ee6c93.wav,Laughter
5592,f7fa885e.wav,Bass_drum
5593,f8044071.wav,Snare_drum
5600,f8870972.wav,Tearing
5601,f8b443f2.wav,Tambourine
5605,f8d67cee.wav,Bass_drum
5607,f8dd2e11.wav,Fireworks
5608,f8dd670f.wav,Bass_drum
5609,f8ea40de.wav,Bass_drum
5611,f8f1f0c3.wav,Tambourine
5612,f8f2585d.wav,Acoustic_guitar
5617,f955d93a.wav,Applause
5619,f964eaba.wav,Double_bass
5620,f9855c92.wav,Snare_drum
5627,f99b36b2.wav,Tearing
5629,f9a85ce0.wav,Flute
5630,f9adb074.wav,Keys_jangling
5632,f9c912b9.wav,Snare_drum
5636,f9f26b10.wav,Laughter
5641,fa65b546.wav,Bass_drum
5644,fa842956.wav,Knock
5645,fa901492.wav,Double_bass
5652,faf11428.wav,Applause
5654,fb0ad61c.wav,Bus
5657,fb25e7ba.wav,Applause
5661,fb4858c1.wav,Applause
5663,fb663e2b.wav,Tearing
5664,fb7c5e36.wav,Acoustic_guitar
5665,fb7eea4f.wav,Applause
5669,fba14686.wav,Knock
5670,fbb6233a.wav,Bass_drum
5675,fbf0b5dd.wav,Shatter
5678,fc139bca.wav,Snare_drum
5679,fc26fe52.wav,Oboe
5681,fc44ab13.wav,Bus
5693,fcbf1b7d.wav,Violin_or_fiddle
5695,fce9b146.wav,Applause
5697,fd07ab39.wav,Oboe
5701,fd407484.wav,Fart
5702,fd4187c7.wav,Fart
5705,fd64ad7d.wav,Applause
5707,fd833f09.wav,Double_bass
5708,fda493ea.wav,Shatter
5710,fdab5c38.wav,Flute
5711,fdadbe15.wav,Fart
5715,fde0d3c4.wav,Trumpet
5716,fde4c4c9.wav,Tambourine
5718,fe0cb23e.wav,Clarinet
5720,fe288eee.wav,Laughter
5722,fe4d3c34.wav,Cello
5723,fe629f0e.wav,Oboe
5726,fe9b4f76.wav,Tambourine
5728,fea7766d.wav,Fart
5731,feb981f4.wav,Double_bass
5733,fecbc85a.wav,Tearing
5734,fecf9988.wav,Harmonica
5736,fee14301.wav,Oboe
5737,feea7b08.wav,Knock
5739,feffd844.wav,Snare_drum
5745,ff55a1e2.wav,Acoustic_guitar
5751,ff9c6c3f.wav,Trumpet
5752,ffb4c87e.wav,Tambourine
5755,ffdf1684.wav,Gong
5756,ffe16cef.wav,Knock
5757,ffe66841.wav,Burping_or_eructation
